modelo,tecnica,clase,media,desv
Regresión logística,Sin corrección,BENIGN,0.9822368353496411,0.00038636424475556807
Regresión logística,Sin corrección,Bot,0.01475595679775744,0.009506583287512476
Regresión logística,Sin corrección,DDoS,0.9808809549925875,0.0009390073968146396
Regresión logística,Sin corrección,DoS GoldenEye,0.8009458316559993,0.013857434319471534
Regresión logística,Sin corrección,DoS Hulk,0.9429840070432689,0.0010285278754571996
Regresión logística,Sin corrección,DoS Slowhttptest,0.7960316235358681,0.006862495816825533
Regresión logística,Sin corrección,DoS slowloris,0.8853281270631731,0.012117635823633201
Regresión logística,Sin corrección,FTP-Patator,0.9867228661749209,0.0019142151869952786
Regresión logística,Sin corrección,PortScan,0.992805457928468,0.0007713974402291351
Regresión logística,Sin corrección,SSH-Patator,0.20776699029126214,0.128815598373763
Regresión logística,Sin corrección,Web Attack,0.003498542274052478,0.0038012842012843436
Regresión logística,Pesos de clase,BENIGN,0.8420942795721811,0.0017701656691749923
Regresión logística,Pesos de clase,Bot,0.9929384120702449,0.0026877940493926864
Regresión logística,Pesos de clase,DDoS,0.9988087200980417,0.0002981894003661944
Regresión logística,Pesos de clase,DoS GoldenEye,0.9925875014311197,0.003196907095667548
Regresión logística,Pesos de clase,DoS Hulk,0.997750894882485,0.00045190049339857897
Regresión logística,Pesos de clase,DoS Slowhttptest,0.9849365185528173,0.0046715921798226616
Regresión logística,Pesos de clase,DoS slowloris,0.9784098779005689,0.005849929553163364
Regresión logística,Pesos de clase,FTP-Patator,0.9968387776606955,0.0022353217529606597
Regresión logística,Pesos de clase,PortScan,0.9977258631383089,0.0005534552547794397
Regresión logística,Pesos de clase,SSH-Patator,0.9821359223300972,0.005388130844858883
Regresión logística,Pesos de clase,Web Attack,0.9545189504373178,0.007317726179598337
Regresión logística,SMOTE,BENIGN,0.979540000116016,0.0005099042432289896
Regresión logística,SMOTE,Bot,0.34978976007914914,0.016663294738181688
Regresión logística,SMOTE,DDoS,0.9851773803834545,0.0016442589461470234
Regresión logística,SMOTE,DoS GoldenEye,0.8648687617028663,0.00557664719188283
Regresión logística,SMOTE,DoS Hulk,0.9442134215296987,0.0010206706347049331
Regresión logística,SMOTE,DoS Slowhttptest,0.9598300492188437,0.007084271270120643
Regresión logística,SMOTE,DoS slowloris,0.9076118795659285,0.00869469107619782
Regresión logística,SMOTE,FTP-Patator,0.9871443624868282,0.0018849888113802436
Regresión logística,SMOTE,PortScan,0.9919371511267314,0.0006769651541722806
Regresión logística,SMOTE,SSH-Patator,0.916116504854369,0.012157262790290148
Regresión logística,SMOTE,Web Attack,0.8868804664723033,0.015618769954494294
Regresión logística,Submuestreo + SMOTE,BENIGN,0.9228419137084918,0.0009410084945147759
Regresión logística,Submuestreo + SMOTE,Bot,0.3831890510347102,0.016273244159463032
Regresión logística,Submuestreo + SMOTE,DDoS,0.9987208356716686,0.00034936509652383236
Regresión logística,Submuestreo + SMOTE,DoS GoldenEye,0.9289104654555393,0.005459925871934024
Regresión logística,Submuestreo + SMOTE,DoS Hulk,0.9943374517217416,0.000250037663213052
Regresión logística,Submuestreo + SMOTE,DoS Slowhttptest,0.9734584097911771,0.006053776739413493
Regresión logística,Submuestreo + SMOTE,DoS slowloris,0.9136465179699857,0.008307555458428035
Regresión logística,Submuestreo + SMOTE,FTP-Patator,0.9957850368809273,0.0022353217529606597
Regresión logística,Submuestreo + SMOTE,PortScan,0.9972710357659708,0.0004236903355782401
Regresión logística,Submuestreo + SMOTE,SSH-Patator,0.9766990291262136,0.007393954471712568
Regresión logística,Submuestreo + SMOTE,Web Attack,0.9090379008746355,0.018826687219781854
Árboles (HistGB),Sin corrección,BENIGN,0.9982622270627053,0.00018722191984847175
Árboles (HistGB),Sin corrección,Bot,0.7933341578036112,0.11090338108430381
Árboles (HistGB),Sin corrección,DDoS,0.9982326140187473,0.00019949104707328209
Árboles (HistGB),Sin corrección,DoS GoldenEye,0.9829858882360112,0.006245969019991758
Árboles (HistGB),Sin corrección,DoS Hulk,0.9975411579522827,0.0011886116037252835
Árboles (HistGB),Sin corrección,DoS Slowhttptest,0.9473932877158683,0.018429163285357982
Árboles (HistGB),Sin corrección,DoS slowloris,0.9633149281443096,0.026956884773126737
Árboles (HistGB),Sin corrección,FTP-Patator,0.9972602739726029,0.0019142151869952662
Árboles (HistGB),Sin corrección,PortScan,0.9972986010612639,0.0006304713947478526
Árboles (HistGB),Sin corrección,SSH-Patator,0.9949514563106796,0.004254155786447889
Árboles (HistGB),Sin corrección,Web Attack,0.9352769679300291,0.02175872671375547
Árboles (HistGB),Pesos de clase,BENIGN,0.9980957481736009,9.358210928518478e-05
Árboles (HistGB),Pesos de clase,Bot,0.9800972874927858,0.010518963841368313
Árboles (HistGB),Pesos de clase,DDoS,0.9997851791356693,7.404491592171889e-05
Árboles (HistGB),Pesos de clase,DoS GoldenEye,0.9981772520284968,0.002060191618225988
Árboles (HistGB),Pesos de clase,DoS Hulk,0.9990309305109493,0.0002444446897646165
Árboles (HistGB),Pesos de clase,DoS Slowhttptest,0.9937839058382352,0.0022958323122154616
Árboles (HistGB),Pesos de clase,DoS slowloris,0.995821240612141,0.003344605154330587
Árboles (HistGB),Pesos de clase,FTP-Patator,0.9995785036880929,0.0009424944056901
Árboles (HistGB),Pesos de clase,PortScan,0.9995451726276616,0.0001985371137879838
Árboles (HistGB),Pesos de clase,SSH-Patator,0.9996116504854369,0.0008683759135921411
Árboles (HistGB),Pesos de clase,Web Attack,0.986588921282799,0.011215967382898744
Árboles (HistGB),SMOTE,BENIGN,0.9985674381277571,7.37810770888755e-05
Árboles (HistGB),SMOTE,Bot,0.9813813999505319,0.006198459448420396
Árboles (HistGB),SMOTE,DDoS,0.9994043612408227,0.0001263737328932361
Árboles (HistGB),SMOTE,DoS GoldenEye,0.9826235841147554,0.01916609890747034
Árboles (HistGB),SMOTE,DoS Hulk,0.9983438974696857,0.0005821713074968802
Árboles (HistGB),SMOTE,DoS Slowhttptest,0.9887625548066975,0.004516493092967209
Árboles (HistGB),SMOTE,DoS slowloris,0.9907138680269799,0.0028482387611791986
Árboles (HistGB),SMOTE,FTP-Patator,0.9995785036880929,0.0009424944056901
Árboles (HistGB),SMOTE,PortScan,0.9991592584935566,0.00046586572341410557
Árboles (HistGB),SMOTE,SSH-Patator,0.9980582524271844,0.0027460457521807737
Árboles (HistGB),SMOTE,Web Attack,0.9755102040816327,0.01694978641836575
Árboles (HistGB),Submuestreo + SMOTE,BENIGN,0.9960328604494345,0.003940154244642325
Árboles (HistGB),Submuestreo + SMOTE,Bot,0.9865260944842937,0.00615824575320371
Árboles (HistGB),Submuestreo + SMOTE,DDoS,0.998672058079768,0.002319221580780671
Árboles (HistGB),Submuestreo + SMOTE,DoS GoldenEye,0.9956254639597883,0.0030796677531305743
Árboles (HistGB),Submuestreo + SMOTE,DoS Hulk,0.9985680781951801,0.0019580846110140555
Árboles (HistGB),Submuestreo + SMOTE,DoS Slowhttptest,0.9863679237193669,0.015333989726277062
Árboles (HistGB),Submuestreo + SMOTE,DoS slowloris,0.9881560048613414,0.015131407994206847
Árboles (HistGB),Submuestreo + SMOTE,FTP-Patator,0.9983140147523709,0.002185083388127281
Árboles (HistGB),Submuestreo + SMOTE,PortScan,0.9992419543794362,0.0002799268969966373
Árboles (HistGB),Submuestreo + SMOTE,SSH-Patator,0.9992233009708738,0.0010635389466119604
Árboles (HistGB),Submuestreo + SMOTE,Web Attack,0.988338192419825,0.005049710809238736
