clase,precision,recall
Bot,0.0007796143360968443,1.0
Bot,0.000776668886674445,0.9955070603337612
Bot,0.000776725673112171,0.9955070603337612
Bot,0.0007764916404412877,0.9948652118100129
Bot,0.0007768421791701981,0.9942233632862645
Bot,0.0007988447951316366,0.9942233632862645
Bot,0.0008966299679320205,0.9942233632862645
Bot,0.0009167655045228677,0.9942233632862645
Bot,0.0010554632659263207,0.9942233632862645
Bot,0.0011302065016424111,0.9942233632862645
Bot,0.0013547469054659533,0.9942233632862645
Bot,0.001414856080181876,0.9942233632862645
Bot,0.0014612986973781528,0.9942233632862645
Bot,0.0015027877731867347,0.9942233632862645
Bot,0.0016181212870175277,0.9942233632862645
Bot,0.0019603426106853225,0.9942233632862645
Bot,0.0020868164126965735,0.9942233632862645
Bot,0.002143369116112767,0.9942233632862645
Bot,0.0022047656529109597,0.9942233632862645
Bot,0.0022818673305540415,0.9942233632862645
Bot,0.002331033901569874,0.9942233632862645
Bot,0.00238198487462671,0.9942233632862645
Bot,0.002428169906055376,0.9942233632862645
Bot,0.0024866716646252092,0.9942233632862645
Bot,0.0025330531548694636,0.9942233632862645
Bot,0.0025844923783336447,0.9942233632862645
Bot,0.002631744375899406,0.9942233632862645
Bot,0.002682060667554338,0.9942233632862645
Bot,0.0027280876792233843,0.9942233632862645
Bot,0.002758286441275939,0.993581514762516
Bot,0.0030613395140222403,0.993581514762516
Bot,0.0031684821987792745,0.993581514762516
Bot,0.004582145616325225,0.993581514762516
Bot,0.004787100804344263,0.993581514762516
Bot,0.005569807899196552,0.993581514762516
Bot,0.005999441912380244,0.993581514762516
Bot,0.006320302133306114,0.993581514762516
Bot,0.00650073280224418,0.993581514762516
Bot,0.006728620980431362,0.993581514762516
Bot,0.007020440001995474,0.993581514762516
Bot,0.007211773639756067,0.993581514762516
Bot,0.007325660634512001,0.993581514762516
Bot,0.007559073574006162,0.993581514762516
Bot,0.007696897374701671,0.993581514762516
Bot,0.007866173421683808,0.993581514762516
Bot,0.00807701338342334,0.993581514762516
Bot,0.008291776250595904,0.993581514762516
Bot,0.008486283797118611,0.993581514762516
Bot,0.008708909754766552,0.993581514762516
Bot,0.008855632594219813,0.993581514762516
Bot,0.009057133662931866,0.993581514762516
Bot,0.009270071681368234,0.993581514762516
Bot,0.00941205082993859,0.993581514762516
Bot,0.009583359128335293,0.993581514762516
Bot,0.009721847150958682,0.993581514762516
Bot,0.009883858280285278,0.993581514762516
Bot,0.010105098244010706,0.993581514762516
Bot,0.010350568679500124,0.993581514762516
Bot,0.010471629190681063,0.993581514762516
Bot,0.010571676375581339,0.993581514762516
Bot,0.010677113868522516,0.993581514762516
Bot,0.010797388538586016,0.993581514762516
Bot,0.010949369774646691,0.993581514762516
Bot,0.011058169687185239,0.993581514762516
Bot,0.011177379525466807,0.993581514762516
Bot,0.011281976532322716,0.993581514762516
Bot,0.011404239017526283,0.993581514762516
Bot,0.011566049013747758,0.993581514762516
Bot,0.011673591891830749,0.993581514762516
Bot,0.01185171574256971,0.993581514762516
Bot,0.011962351050183145,0.993581514762516
Bot,0.012094978396243369,0.993581514762516
Bot,0.012290493922239602,0.993581514762516
Bot,0.012407823020198782,0.993581514762516
Bot,0.012505149892155199,0.993581514762516
Bot,0.012654192314294823,0.993581514762516
Bot,0.012775755775087277,0.993581514762516
Bot,0.012916899610323506,0.993581514762516
Bot,0.013086150490730643,0.993581514762516
Bot,0.013193444187810552,0.993581514762516
Bot,0.013305141560517765,0.993581514762516
Bot,0.013524020862636835,0.993581514762516
Bot,0.013608791208791209,0.993581514762516
Bot,0.01379199743404699,0.993581514762516
Bot,0.013947830787944317,0.993581514762516
Bot,0.014322856429093533,0.993581514762516
Bot,0.014657008947592672,0.993581514762516
Bot,0.01503554916663429,0.993581514762516
Bot,0.015348311487437784,0.993581514762516
Bot,0.015645687834163795,0.993581514762516
Bot,0.015914628504456713,0.993581514762516
Bot,0.01620636948009799,0.993581514762516
Bot,0.016453382084095063,0.993581514762516
Bot,0.016768127559089234,0.993581514762516
Bot,0.016970334802341645,0.993581514762516
Bot,0.017209560867148414,0.993581514762516
Bot,0.017431254644956422,0.993581514762516
Bot,0.01763138112485478,0.993581514762516
Bot,0.017841089827812736,0.993581514762516
Bot,0.018204054753280963,0.993581514762516
Bot,0.01845999737648616,0.993581514762516
Bot,0.0187207488299532,0.993581514762516
Bot,0.018906870229007635,0.993581514762516
Bot,0.019210007073452218,0.993581514762516
Bot,0.019548910160887025,0.993581514762516
Bot,0.019828359164852056,0.993581514762516
Bot,0.019944048371085644,0.9929396662387676
Bot,0.02024524622773612,0.9929396662387676
Bot,0.02055813953488372,0.9929396662387676
Bot,0.02084371926326143,0.9929396662387676
Bot,0.021080889567208112,0.9929396662387676
Bot,0.021300031667791104,0.9929396662387676
Bot,0.021541460697625844,0.9929396662387676
Bot,0.021909078034272767,0.9929396662387676
Bot,0.022101262929310247,0.9929396662387676
Bot,0.022578997299861344,0.9929396662387676
Bot,0.022708923564728506,0.9929396662387676
Bot,0.023146208630079598,0.9929396662387676
Bot,0.023387657605902095,0.9929396662387676
Bot,0.02358016035118739,0.9929396662387676
Bot,0.0237667265827841,0.9929396662387676
Bot,0.02397111689599603,0.9929396662387676
Bot,0.024127013833653052,0.9929396662387676
Bot,0.024389859368102416,0.9929396662387676
Bot,0.02454737309785627,0.9929396662387676
Bot,0.024741707449700924,0.9929396662387676
Bot,0.025013743815283124,0.9929396662387676
Bot,0.025592244573848597,0.9929396662387676
Bot,0.026109263978667027,0.9929396662387676
Bot,0.026578472639807577,0.9929396662387676
Bot,0.027003910068426198,0.9929396662387676
Bot,0.02747682142730276,0.9929396662387676
Bot,0.02800456182907623,0.9929396662387676
Bot,0.028361903015858465,0.9929396662387676
Bot,0.028852789227297313,0.9929396662387676
Bot,0.02927761691175079,0.9929396662387676
Bot,0.02960312296681848,0.9929396662387676
Bot,0.03006160004663726,0.9929396662387676
Bot,0.030494175159172892,0.9929396662387676
Bot,0.03082348721831477,0.9929396662387676
Bot,0.0311656392280108,0.9929396662387676
Bot,0.03174114653863515,0.9929396662387676
Bot,0.032200320546177386,0.9929396662387676
Bot,0.0324699857274788,0.9929396662387676
Bot,0.03280600559843922,0.9929396662387676
Bot,0.033453711913154424,0.9929396662387676
Bot,0.033936601952396624,0.9929396662387676
Bot,0.03434953482692009,0.9929396662387676
Bot,0.03477967625899281,0.9929396662387676
Bot,0.035325280295937705,0.9929396662387676
Bot,0.03574729642295961,0.9929396662387676
Bot,0.03691507385401007,0.9929396662387676
Bot,0.037602391774628714,0.9929396662387676
Bot,0.03796319018404908,0.9929396662387676
Bot,0.03851516207737888,0.9929396662387676
Bot,0.03901639344262295,0.9929396662387676
Bot,0.039509641169710126,0.9929396662387676
Bot,0.04007668195124479,0.9929396662387676
Bot,0.04058450076079542,0.9929396662387676
Bot,0.040948675189920326,0.9929396662387676
Bot,0.04127314444266581,0.9929396662387676
Bot,0.04208264193030657,0.9929396662387676
Bot,0.04252336448598131,0.9929396662387676
Bot,0.042847251073258555,0.9929396662387676
Bot,0.04320022340128456,0.9929396662387676
Bot,0.04353576855968931,0.9929396662387676
Bot,0.044118066448025094,0.9929396662387676
Bot,0.04450261780104712,0.9929396662387676
Bot,0.04534263438654083,0.9929396662387676
Bot,0.046089676746611054,0.9929396662387676
Bot,0.04665822173965496,0.9929396662387676
Bot,0.04734506503442999,0.9929396662387676
Bot,0.048197650870797894,0.9929396662387676
Bot,0.049521431543903455,0.9929396662387676
Bot,0.05060516846581616,0.9929396662387676
Bot,0.051460315348280224,0.9929396662387676
Bot,0.05238917674150835,0.9929396662387676
Bot,0.05338716913414087,0.9929396662387676
Bot,0.05401724920562869,0.9929396662387676
Bot,0.05466431095406361,0.9929396662387676
Bot,0.05568554047730463,0.9929396662387676
Bot,0.0564845917920257,0.9929396662387676
Bot,0.05753282011231359,0.9929396662387676
Bot,0.05829376742783932,0.9929396662387676
Bot,0.05893333333333333,0.9929396662387676
Bot,0.05978743961352657,0.9929396662387676
Bot,0.06060012535255406,0.9929396662387676
Bot,0.061371841155234655,0.9929396662387676
Bot,0.06195186416242842,0.9929396662387676
Bot,0.06292710706150342,0.9929396662387676
Bot,0.06342243358478189,0.9929396662387676
Bot,0.06406858278803942,0.9929396662387676
Bot,0.06473345049794962,0.9929396662387676
Bot,0.06597014925373135,0.9929396662387676
Bot,0.06660638939119952,0.9929396662387676
Bot,0.0671499262088723,0.9929396662387676
Bot,0.06833340695260391,0.9929396662387676
Bot,0.06897320433367515,0.9929396662387676
Bot,0.06991458399240746,0.9929396662387676
Bot,0.07040458744823191,0.9929396662387676
Bot,0.07095679295477479,0.9929396662387676
Bot,0.07164690626157837,0.9929396662387676
Bot,0.07216831498413884,0.9929396662387676
Bot,0.07283084600536698,0.9929396662387676
Bot,0.07344981483239958,0.9929396662387676
Bot,0.07393070489844683,0.9929396662387676
Bot,0.0742643176035716,0.9929396662387676
Bot,0.07467297388618044,0.9929396662387676
Bot,0.07519198989015262,0.9929396662387676
Bot,0.07598605039540253,0.9929396662387676
Bot,0.07721487397055153,0.9929396662387676
Bot,0.07890039271688683,0.9929396662387676
Bot,0.0801056338028169,0.9929396662387676
Bot,0.08107116654438738,0.9929396662387676
Bot,0.08250226654578423,0.9929396662387676
Bot,0.08388461121353433,0.9929396662387676
Bot,0.08571586879432624,0.9929396662387676
Bot,0.08842526436124606,0.9929396662387676
Bot,0.08987393249288328,0.9929396662387676
Bot,0.09095184902110648,0.9929396662387676
Bot,0.09236923811798424,0.9929396662387676
Bot,0.09372349448685327,0.9929396662387676
Bot,0.09445597753083404,0.9929396662387676
Bot,0.09558232931726908,0.9929396662387676
Bot,0.0968732376715333,0.9922978177150192
Bot,0.09825230378137909,0.9922978177150192
Bot,0.09933179131328708,0.9922978177150192
Bot,0.10011008223790714,0.9922978177150192
Bot,0.10113168051285405,0.9922978177150192
Bot,0.10223515408014813,0.9922978177150192
Bot,0.10349444370062927,0.9922978177150192
Bot,0.10438187833367092,0.9922978177150192
Bot,0.10558666848791148,0.9922978177150192
Bot,0.10655455234681921,0.9922978177150192
Bot,0.10753286499269667,0.9922978177150192
Bot,0.10828605449324087,0.9922978177150192
Bot,0.10949783979035342,0.9922978177150192
Bot,0.11115904515386828,0.9922978177150192
Bot,0.11234648644720586,0.9922978177150192
Bot,0.11386065694505819,0.9922978177150192
Bot,0.11491006392151033,0.9922978177150192
Bot,0.11622312434220418,0.9922978177150192
Bot,0.11695287086769045,0.9922978177150192
Bot,0.11791625352757226,0.9922978177150192
Bot,0.11884080252133139,0.9922978177150192
Bot,0.11966870500812757,0.9922978177150192
Bot,0.12084733838818104,0.9922978177150192
Bot,0.12187623176980686,0.9922978177150192
Bot,0.12294234592445329,0.9922978177150192
Bot,0.1238285943131758,0.9922978177150192
Bot,0.12526332847188462,0.9922978177150192
Bot,0.12699195005749958,0.9922978177150192
Bot,0.1289300308564757,0.9922978177150192
Bot,0.13046413502109705,0.9922978177150192
Bot,0.13219324497648569,0.9922978177150192
Bot,0.13347146680480013,0.9922978177150192
Bot,0.13630752953623698,0.9922978177150192
Bot,0.13831976380066208,0.9922978177150192
Bot,0.14059658057475447,0.9922978177150192
Bot,0.1425936174137613,0.9922978177150192
Bot,0.144014904517932,0.9922978177150192
Bot,0.14506896875293235,0.9922978177150192
Bot,0.14645699128457748,0.9922978177150192
Bot,0.14795674227198774,0.9922978177150192
Bot,0.1492133963903098,0.9922978177150192
Bot,0.1510355607659242,0.9922978177150192
Bot,0.15306930693069307,0.9922978177150192
Bot,0.15430681704760954,0.9922978177150192
Bot,0.1558624861377155,0.9922978177150192
Bot,0.15719369598373156,0.9922978177150192
Bot,0.15820712239050347,0.9922978177150192
Bot,0.15964477488641057,0.9922978177150192
Bot,0.16104166666666667,0.9922978177150192
Bot,0.16198658843252306,0.9922978177150192
Bot,0.1631834494405742,0.9922978177150192
Bot,0.16451922053029497,0.9916559691912709
Bot,0.16586151368760063,0.9916559691912709
Bot,0.16726209808379344,0.9916559691912709
Bot,0.16831898899662273,0.9916559691912709
Bot,0.16994830051699483,0.9916559691912709
Bot,0.17119113573407202,0.9916559691912709
Bot,0.17278013867143815,0.9916559691912709
Bot,0.17400608176596463,0.9916559691912709
Bot,0.17507082152974504,0.9916559691912709
Bot,0.17636986301369864,0.9916559691912709
Bot,0.17777010700724888,0.9916559691912709
Bot,0.1800279655092053,0.9916559691912709
Bot,0.18193593970796043,0.9916559691912709
Bot,0.18364435991917272,0.9916559691912709
Bot,0.185296234108899,0.9916559691912709
Bot,0.18695546950629235,0.9916559691912709
Bot,0.1894543225015328,0.9916559691912709
Bot,0.19166356531447712,0.9916559691912709
Bot,0.19370611835506518,0.9916559691912709
Bot,0.1963400686237133,0.9916559691912709
Bot,0.19920061887570914,0.9916559691912709
Bot,0.2009893256964332,0.9910141206675225
Bot,0.2024652504589562,0.9910141206675225
Bot,0.20396301188903568,0.9910141206675225
Bot,0.20523727236474812,0.9910141206675225
Bot,0.2067764831927146,0.9910141206675225
Bot,0.20833895560653085,0.9910141206675225
Bot,0.20966865833785986,0.9910141206675225
Bot,0.21243808475509082,0.9910141206675225
Bot,0.21408763172490294,0.9910141206675225
Bot,0.21549197487787858,0.9910141206675225
Bot,0.21734234234234234,0.9910141206675225
Bot,0.21906923950056753,0.9910141206675225
Bot,0.22123513397334862,0.9910141206675225
Bot,0.22386544874583153,0.9910141206675225
Bot,0.22556610664718774,0.9910141206675225
Bot,0.22691176470588234,0.9903722721437741
Bot,0.22872813519122442,0.9903722721437741
Bot,0.23102260817487646,0.9903722721437741
Bot,0.23294082125603865,0.9903722721437741
Bot,0.23510589669358525,0.9903722721437741
Bot,0.23734810029226272,0.9903722721437741
Bot,0.24034267912772586,0.9903722721437741
Bot,0.2427245556079912,0.9903722721437741
Bot,0.24527102209505644,0.9903722721437741
Bot,0.24807073954983924,0.9903722721437741
Bot,0.2515897603130605,0.9903722721437741
Bot,0.2540781018289669,0.9897304236200257
Bot,0.25696181424045356,0.9890885750962772
Bot,0.26052409129332205,0.9890885750962772
Bot,0.26323881106935426,0.9890885750962772
Bot,0.26702477906775257,0.9890885750962772
Bot,0.2692173305380853,0.9890885750962772
Bot,0.272165312610385,0.9890885750962772
Bot,0.2774077407740774,0.9890885750962772
Bot,0.28166697130323526,0.9890885750962772
Bot,0.2856348470806302,0.9890885750962772
Bot,0.28863082974339765,0.9890885750962772
Bot,0.2925764192139738,0.9890885750962772
Bot,0.2956071360061385,0.9890885750962772
Bot,0.29910714285714285,0.9890885750962772
Bot,0.30180180180180183,0.9890885750962772
Bot,0.304425128407744,0.9890885750962772
Bot,0.3132750559056719,0.9890885750962772
Bot,0.31636214329706425,0.9890885750962772
Bot,0.31964322754615226,0.9890885750962772
Bot,0.32299308321106684,0.9890885750962772
Bot,0.32829143587558585,0.9890885750962772
Bot,0.3333333333333333,0.9890885750962772
Bot,0.33668341708542715,0.9890885750962772
Bot,0.3435897435897436,0.9890885750962772
Bot,0.34778681120144533,0.9884467265725289
Bot,0.35233516483516486,0.9878048780487805
Bot,0.35799023028611304,0.9878048780487805
Bot,0.3627150600989866,0.9878048780487805
Bot,0.3674785100286533,0.9878048780487805
Bot,0.37111164697371596,0.9878048780487805
Bot,0.3747260774287801,0.9878048780487805
Bot,0.37813267813267815,0.9878048780487805
Bot,0.3817911188290747,0.9878048780487805
Bot,0.38678059814023624,0.9878048780487805
Bot,0.3918024439918534,0.9878048780487805
Bot,0.39675174013921116,0.9878048780487805
Bot,0.4024581589958159,0.9878048780487805
Bot,0.40714285714285714,0.9878048780487805
Bot,0.4139322216245293,0.9878048780487805
Bot,0.4198036006546645,0.9878048780487805
Bot,0.42678868552412647,0.9878048780487805
Bot,0.4325463743676223,0.9878048780487805
Bot,0.4435158501440922,0.9878048780487805
Bot,0.4502633118782914,0.9878048780487805
Bot,0.4581720750223281,0.9878048780487805
Bot,0.4634146341463415,0.9878048780487805
Bot,0.4689213893967093,0.9878048780487805
Bot,0.4745605920444033,0.9878048780487805
Bot,0.4803247970018738,0.9871630295250321
Bot,0.484714780964387,0.9871630295250321
Bot,0.4907466496490108,0.9871630295250321
Bot,0.4948486799742434,0.9865211810012837
Bot,0.4998372925479987,0.9858793324775353
Bot,0.5044364114360829,0.9852374839537869
Bot,0.5103058510638298,0.9852374839537869
Bot,0.5168350168350169,0.9852374839537869
Bot,0.5235494880546075,0.9845956354300385
Bot,0.5291479820627802,0.9845956354300385
Bot,0.5350785340314136,0.9839537869062901
Bot,0.5411224849982351,0.9839537869062901
Bot,0.5482832618025751,0.9839537869062901
Bot,0.5554347826086956,0.9839537869062901
Bot,0.5607168983174835,0.9839537869062901
Bot,0.5707898658718331,0.9833119383825417
Bot,0.5781722054380665,0.9826700898587933
Bot,0.5871066768994628,0.982028241335045
Bot,0.5956369302687963,0.9813863928112966
Bot,0.6027613412228797,0.9807445442875481
Bot,0.6110444177671068,0.9801026957637997
Bot,0.6180639935196436,0.9794608472400513
Bot,0.6265953067105805,0.9768934531450578
Bot,0.6334445371142619,0.9749679075738126
Bot,0.6404731727925644,0.9730423620025674
Bot,0.6489498499785684,0.9717586649550706
Bot,0.6549631556133507,0.9698331193838254
Bot,0.660667251975417,0.9659820282413351
Bot,0.6697944593386953,0.9621309370988447
Bot,1.0,0.0
Web Attack,0.000858176242879389,1.0
Web Attack,0.0008563589280047888,0.997667638483965
Web Attack,0.0008569572558135109,0.997667638483965
Web Attack,0.000857521607188948,0.997667638483965
Web Attack,0.0008590107770457861,0.997667638483965
Web Attack,0.0008868078648610547,0.997667638483965
Web Attack,0.0009849641849522112,0.997667638483965
Web Attack,0.0010137330913645463,0.997667638483965
Web Attack,0.0011426213108557705,0.997667638483965
Web Attack,0.0012011122397619397,0.997667638483965
Web Attack,0.001415308158329225,0.997667638483965
Web Attack,0.0014755940538130436,0.997667638483965
Web Attack,0.0015120905380779923,0.997667638483965
Web Attack,0.0015471967345196682,0.997667638483965
Web Attack,0.0017420680414512414,0.997667638483965
Web Attack,0.0019692697243482763,0.997667638483965
Web Attack,0.0020505777212101164,0.997667638483965
Web Attack,0.002113616458290355,0.997667638483965
Web Attack,0.0021850456548113146,0.997667638483965
Web Attack,0.0022362242183997733,0.997667638483965
Web Attack,0.002304032663130495,0.997667638483965
Web Attack,0.00236740262309871,0.997667638483965
Web Attack,0.002420232065033658,0.997667638483965
Web Attack,0.0024692925931324512,0.997667638483965
Web Attack,0.0025240716181349604,0.997667638483965
Web Attack,0.0025643561982182897,0.997667638483965
Web Attack,0.002598234840339912,0.997667638483965
Web Attack,0.0026491604282628724,0.997667638483965
Web Attack,0.002677889491279252,0.997667638483965
Web Attack,0.0027092375341029825,0.997667638483965
Web Attack,0.002843260094321124,0.997667638483965
Web Attack,0.003017902813299233,0.997667638483965
Web Attack,0.004068259255824791,0.997667638483965
Web Attack,0.0041655001156407105,0.997667638483965
Web Attack,0.004452864954052992,0.997667638483965
Web Attack,0.004782923481610484,0.997667638483965
Web Attack,0.00511971944775253,0.997667638483965
Web Attack,0.005265603697924841,0.997667638483965
Web Attack,0.005361854681516487,0.997667638483965
Web Attack,0.005509615260764842,0.997667638483965
Web Attack,0.0056898105502588845,0.997667638483965
Web Attack,0.005871654083733699,0.997667638483965
Web Attack,0.00597819061029255,0.997667638483965
Web Attack,0.006106505158944013,0.997667638483965
Web Attack,0.006247512496850684,0.997667638483965
Web Attack,0.006373555147455979,0.997667638483965
Web Attack,0.006519560586950972,0.997667638483965
Web Attack,0.006667809794003258,0.997667638483965
Web Attack,0.006800503976565885,0.997667638483965
Web Attack,0.007009939282700076,0.997667638483965
Web Attack,0.007139072129245996,0.997667638483965
Web Attack,0.007287239026550934,0.997667638483965
Web Attack,0.007393867109175137,0.997667638483965
Web Attack,0.007488653224147514,0.997667638483965
Web Attack,0.007615410635759939,0.997667638483965
Web Attack,0.007800070205190625,0.997667638483965
Web Attack,0.007888536955329028,0.997667638483965
Web Attack,0.008008537447284539,0.997667638483965
Web Attack,0.008201593342856322,0.997667638483965
Web Attack,0.0083232798879203,0.997667638483965
Web Attack,0.008421062993094827,0.997667638483965
Web Attack,0.008509897543021984,0.997667638483965
Web Attack,0.008606683132208914,0.997667638483965
Web Attack,0.008693487251923135,0.997667638483965
Web Attack,0.00881831488238811,0.997667638483965
Web Attack,0.008890389961289652,0.997667638483965
Web Attack,0.008962619955579768,0.997667638483965
Web Attack,0.009036558185716852,0.997667638483965
Web Attack,0.009142154898346291,0.997667638483965
Web Attack,0.00924674931635664,0.997667638483965
Web Attack,0.009333355152983018,0.997667638483965
Web Attack,0.00945162876256028,0.997667638483965
Web Attack,0.009576313874741144,0.997667638483965
Web Attack,0.009690811570070061,0.997667638483965
Web Attack,0.009760967539505961,0.997667638483965
Web Attack,0.009874590963393028,0.997667638483965
Web Attack,0.009959950636831444,0.997667638483965
Web Attack,0.010056896997625374,0.997667638483965
Web Attack,0.010192714383582045,0.997667638483965
Web Attack,0.010297861583740091,0.997667638483965
Web Attack,0.010449556916800518,0.997667638483965
Web Attack,0.01052974915688157,0.997667638483965
Web Attack,0.01067413627459543,0.997667638483965
Web Attack,0.010760126530535239,0.997667638483965
Web Attack,0.010912824961093961,0.997667638483965
Web Attack,0.01101114629186295,0.997667638483965
Web Attack,0.011176359158931616,0.997667638483965
Web Attack,0.01141503769430916,0.997667638483965
Web Attack,0.011550820911643984,0.997667638483965
Web Attack,0.01176147104313456,0.997667638483965
Web Attack,0.011874110829660988,0.997667638483965
Web Attack,0.01204191797982926,0.997667638483965
Web Attack,0.012278876170655567,0.997667638483965
Web Attack,0.01270513106111235,0.997667638483965
Web Attack,0.012863017509040198,0.997667638483965
Web Attack,0.013107997333966644,0.997667638483965
Web Attack,0.013249597323751704,0.997667638483965
Web Attack,0.01342013412290678,0.997667638483965
Web Attack,0.013586373923055544,0.997667638483965
Web Attack,0.013724672324450933,0.997667638483965
Web Attack,0.013919622518711356,0.997667638483965
Web Attack,0.014130102651768534,0.997667638483965
Web Attack,0.014405145777381143,0.997667638483965
Web Attack,0.014614438484403294,0.997667638483965
Web Attack,0.014782623721316009,0.997667638483965
Web Attack,0.014972260627592363,0.997667638483965
Web Attack,0.015156078375792793,0.997667638483965
Web Attack,0.015307537463654663,0.997667638483965
Web Attack,0.01552786575792502,0.997667638483965
Web Attack,0.01573883287953492,0.997667638483965
Web Attack,0.015932137103908076,0.997667638483965
Web Attack,0.016081582781145732,0.997667638483965
Web Attack,0.01624773281928077,0.997667638483965
Web Attack,0.016466648060284677,0.997667638483965
Web Attack,0.0167607068688531,0.997667638483965
Web Attack,0.017007614162740305,0.997667638483965
Web Attack,0.017406254450751796,0.997667638483965
Web Attack,0.017681830394973442,0.997667638483965
Web Attack,0.017834434739102338,0.997667638483965
Web Attack,0.01817949998406239,0.997667638483965
Web Attack,0.01830984408274209,0.997667638483965
Web Attack,0.0185283447939791,0.997667638483965
Web Attack,0.018826196030104308,0.997667638483965
Web Attack,0.019033951853335115,0.997667638483965
Web Attack,0.01929713757246295,0.997667638483965
Web Attack,0.019419348980796294,0.997667638483965
Web Attack,0.01964747086180169,0.997667638483965
Web Attack,0.019902986029522958,0.997667638483965
Web Attack,0.02011710482998636,0.997667638483965
Web Attack,0.020364683758242283,0.997667638483965
Web Attack,0.020710274038927085,0.997667638483965
Web Attack,0.021044216222864523,0.997667638483965
Web Attack,0.02135653302711069,0.997667638483965
Web Attack,0.021689526658722712,0.997667638483965
Web Attack,0.021963492593258197,0.997667638483965
Web Attack,0.02227632538277263,0.997667638483965
Web Attack,0.022560356535383234,0.997667638483965
Web Attack,0.02305774543494374,0.997667638483965
Web Attack,0.023673796939424965,0.997667638483965
Web Attack,0.023981722871639615,0.997667638483965
Web Attack,0.02424920988109242,0.997667638483965
Web Attack,0.024580507987587635,0.997667638483965
Web Attack,0.024846434224474682,0.997667638483965
Web Attack,0.025069964395082713,0.997667638483965
Web Attack,0.025465098973061467,0.997667638483965
Web Attack,0.025778942927740613,0.997667638483965
Web Attack,0.026051341392856055,0.997667638483965
Web Attack,0.02632429189039494,0.997667638483965
Web Attack,0.026708918062471707,0.997667638483965
Web Attack,0.027086928301169915,0.997667638483965
Web Attack,0.02757142626939749,0.997667638483965
Web Attack,0.02793469387755102,0.997667638483965
Web Attack,0.028350344644750794,0.997667638483965
Web Attack,0.028695535504645625,0.997667638483965
Web Attack,0.029087756281663324,0.997667638483965
Web Attack,0.029416821401554227,0.997667638483965
Web Attack,0.029673950745750955,0.997667638483965
Web Attack,0.02993247262167174,0.997667638483965
Web Attack,0.03013278855975485,0.997667638483965
Web Attack,0.030545389627778273,0.997667638483965
Web Attack,0.030945361812953282,0.997667638483965
Web Attack,0.03123744842443495,0.997667638483965
Web Attack,0.03156011362378722,0.997667638483965
Web Attack,0.031818350875887975,0.997667638483965
Web Attack,0.032043598771443554,0.997667638483965
Web Attack,0.032263538995323575,0.997667638483965
Web Attack,0.03247172246261292,0.997667638483965
Web Attack,0.03269510051211496,0.997667638483965
Web Attack,0.03299649014540826,0.997667638483965
Web Attack,0.033242665630464345,0.997667638483965
Web Attack,0.033605688022940644,0.997667638483965
Web Attack,0.03424876896593138,0.997667638483965
Web Attack,0.034800471870805025,0.997667638483965
Web Attack,0.035488353763507764,0.997667638483965
Web Attack,0.03603167249294529,0.997667638483965
Web Attack,0.0367317146476031,0.997667638483965
Web Attack,0.037473444446877946,0.997667638483965
Web Attack,0.038158745734739846,0.997667638483965
Web Attack,0.039492210040392384,0.997667638483965
Web Attack,0.04022947967364981,0.997667638483965
Web Attack,0.04092811864609496,0.997667638483965
Web Attack,0.04186444825055052,0.997667638483965
Web Attack,0.04257807639666542,0.997667638483965
Web Attack,0.04331645569620253,0.997667638483965
Web Attack,0.04394165082952386,0.997667638483965
Web Attack,0.044614221271935546,0.997667638483965
Web Attack,0.04522148218627762,0.997667638483965
Web Attack,0.04571565981777861,0.997667638483965
Web Attack,0.046667030329478505,0.997667638483965
Web Attack,0.04741582374948039,0.997667638483965
Web Attack,0.04799035144307632,0.997667638483965
Web Attack,0.04861347880440959,0.997667638483965
Web Attack,0.04907781889108797,0.997667638483965
Web Attack,0.049584142347929405,0.997667638483965
Web Attack,0.050283598318981985,0.997667638483965
Web Attack,0.05136595616931852,0.997667638483965
Web Attack,0.05201240272373541,0.997667638483965
Web Attack,0.05249593470990704,0.997667638483965
Web Attack,0.0531119043923638,0.997667638483965
Web Attack,0.05375938668426179,0.997667638483965
Web Attack,0.05450086003694973,0.997667638483965
Web Attack,0.05545651962532007,0.997667638483965
Web Attack,0.05620524275671769,0.997667638483965
Web Attack,0.057145719915834475,0.997667638483965
Web Attack,0.057782580797676536,0.997667638483965
Web Attack,0.058312316815486334,0.997667638483965
Web Attack,0.058664198038812315,0.997667638483965
Web Attack,0.05932732316227462,0.997667638483965
Web Attack,0.05978336827393431,0.997667638483965
Web Attack,0.060233753432373444,0.997667638483965
Web Attack,0.06061357517358651,0.997667638483965
Web Attack,0.06118581032756401,0.997667638483965
Web Attack,0.06152684382753785,0.997667638483965
Web Attack,0.06195683661645423,0.997667638483965
Web Attack,0.06307834101382488,0.997667638483965
Web Attack,0.06434265944645005,0.997667638483965
Web Attack,0.06672646439435301,0.997667638483965
Web Attack,0.06997096470780681,0.997667638483965
Web Attack,0.07356292187970248,0.997667638483965
Web Attack,0.07526172253013108,0.997667638483965
Web Attack,0.0766439706145852,0.997667638483965
Web Attack,0.07818497532443794,0.997667638483965
Web Attack,0.07982271985071146,0.997667638483965
Web Attack,0.0824022346368715,0.997667638483965
Web Attack,0.0841820418204182,0.997667638483965
Web Attack,0.08548588558581065,0.997667638483965
Web Attack,0.08727365467992859,0.997667638483965
Web Attack,0.08929130570921616,0.997667638483965
Web Attack,0.09045730901401004,0.997667638483965
Web Attack,0.0915560787671233,0.997667638483965
Web Attack,0.09261163734776726,0.997667638483965
Web Attack,0.09558125244399754,0.997667638483965
Web Attack,0.09729883423372192,0.997667638483965
Web Attack,0.09899328859060402,0.997667638483965
Web Attack,0.10012874531835206,0.997667638483965
Web Attack,0.1018452380952381,0.997667638483965
Web Attack,0.10328383435953158,0.997667638483965
Web Attack,0.10452684953265319,0.997667638483965
Web Attack,0.1056498919419574,0.997667638483965
Web Attack,0.10718536615924325,0.997667638483965
Web Attack,0.10825688073394496,0.997667638483965
Web Attack,0.10947597415061744,0.997667638483965
Web Attack,0.11085914215368667,0.997667638483965
Web Attack,0.11166220713959407,0.997667638483965
Web Attack,0.11278839815425182,0.997667638483965
Web Attack,0.1147167281260476,0.997667638483965
Web Attack,0.11607082287497456,0.997667638483965
Web Attack,0.1170795127959491,0.997667638483965
Web Attack,0.11796745725317154,0.997667638483965
Web Attack,0.119717324377274,0.997667638483965
Web Attack,0.12064588915526724,0.997667638483965
Web Attack,0.12151988636363636,0.997667638483965
Web Attack,0.12255569085309076,0.997667638483965
Web Attack,0.12360930501372634,0.997667638483965
Web Attack,0.12479031434614543,0.997667638483965
Web Attack,0.12610554245283018,0.997667638483965
Web Attack,0.12832820820520513,0.997667638483965
Web Attack,0.12967032967032968,0.997667638483965
Web Attack,0.13219500888511165,0.997667638483965
Web Attack,0.1376397715388947,0.997667638483965
Web Attack,0.13989044231869838,0.997667638483965
Web Attack,0.14172119605731798,0.997667638483965
Web Attack,0.14429077416090402,0.997667638483965
Web Attack,0.14685434726632907,0.997667638483965
Web Attack,0.14990362712458385,0.997667638483965
Web Attack,0.15231905991275704,0.997667638483965
Web Attack,0.1559566128885243,0.997667638483965
Web Attack,0.15846994535519127,0.997667638483965
Web Attack,0.1617355137536629,0.997667638483965
Web Attack,0.1636381025248661,0.997667638483965
Web Attack,0.165521911579762,0.997667638483965
Web Attack,0.16776154524953427,0.997667638483965
Web Attack,0.16957383548067392,0.997667638483965
Web Attack,0.171305566680016,0.997667638483965
Web Attack,0.17347662982865253,0.997667638483965
Web Attack,0.1750562717413546,0.997667638483965
Web Attack,0.17631904369332235,0.997667638483965
Web Attack,0.17811784301478242,0.997667638483965
Web Attack,0.18037107316044698,0.997667638483965
Web Attack,0.18204064262155548,0.997667638483965
Web Attack,0.1842360288575428,0.997667638483965
Web Attack,0.18736311870346037,0.997667638483965
Web Attack,0.19036493101913662,0.997667638483965
Web Attack,0.19270188084243722,0.997667638483965
Web Attack,0.1947416344183929,0.997667638483965
Web Attack,0.19648598989435,0.997667638483965
Web Attack,0.19791787160208213,0.997667638483965
Web Attack,0.199533527696793,0.997667638483965
Web Attack,0.20241334437477818,0.997667638483965
Web Attack,0.20564903846153845,0.997667638483965
Web Attack,0.20736880378135983,0.997667638483965
Web Attack,0.21063646436045796,0.997667638483965
Web Attack,0.2137147139645266,0.997667638483965
Web Attack,0.21688426923564458,0.997667638483965
Web Attack,0.21879795396419438,0.997667638483965
Web Attack,0.2208311822405782,0.997667638483965
Web Attack,0.22325156576200417,0.997667638483965
Web Attack,0.22578516759039324,0.997667638483965
Web Attack,0.22855997862676997,0.997667638483965
Web Attack,0.2317172264355363,0.997667638483965
Web Attack,0.23460008231581836,0.9970845481049563
Web Attack,0.23766504517025713,0.9970845481049563
Web Attack,0.24383288179095966,0.9970845481049563
Web Attack,0.24750325662179765,0.9970845481049563
Web Attack,0.2515075746433299,0.9970845481049563
Web Attack,0.25549081129538326,0.9970845481049563
Web Attack,0.2591412532240935,0.9959183673469387
Web Attack,0.262850107725454,0.9959183673469387
Web Attack,0.26550598476605003,0.9959183673469387
Web Attack,0.26821608040201006,0.9959183673469387
Web Attack,0.2711541514526115,0.9959183673469387
Web Attack,0.27597350137340443,0.9959183673469387
Web Attack,0.278948227992814,0.9959183673469387
Web Attack,0.28362670209232815,0.9959183673469387
Web Attack,0.28614508292846375,0.9959183673469387
Web Attack,0.29018008834522596,0.9959183673469387
Web Attack,0.29331959471063024,0.9959183673469387
Web Attack,0.29688857987137146,0.9959183673469387
Web Attack,0.3011283497884344,0.9959183673469387
Web Attack,0.30423940149625933,0.9959183673469387
Web Attack,0.30802524797114517,0.9959183673469387
Web Attack,0.311508298376801,0.9959183673469387
Web Attack,0.3151873039306145,0.9959183673469387
Web Attack,0.318122555410691,0.9959183673469387
Web Attack,0.3211733734486649,0.9959183673469387
Web Attack,0.32570556826849734,0.9959183673469387
Web Attack,0.32941176470588235,0.9959183673469387
Web Attack,0.333203277409286,0.9959183673469387
Web Attack,0.33895614209168484,0.9959183673469387
Web Attack,0.3428342031312726,0.9959183673469387
Web Attack,0.3465909090909091,0.9959183673469387
Web Attack,0.3532574974146846,0.9959183673469387
Web Attack,0.3600337268128162,0.9959183673469387
Web Attack,0.36448997012377293,0.9959183673469387
Web Attack,0.3718702373176573,0.9959183673469387
Web Attack,0.3770419426048565,0.9959183673469387
Web Attack,0.3821029082774049,0.9959183673469387
Web Attack,0.39228295819935693,0.9959183673469387
Web Attack,0.4015044663845792,0.9959183673469387
Web Attack,0.40851470939966517,0.9959183673469387
Web Attack,0.4139602520601066,0.9959183673469387
Web Attack,0.4208969935929029,0.9959183673469387
Web Attack,0.4255107125062282,0.9959183673469387
Web Attack,0.43204252088078965,0.99533527696793
Web Attack,0.4379168804515136,0.99533527696793
Web Attack,0.44395318595578676,0.99533527696793
Web Attack,0.45003954653308725,0.99533527696793
Web Attack,0.45727297080096435,0.99533527696793
Web Attack,0.46260162601626015,0.99533527696793
Web Attack,0.4675431388660641,0.99533527696793
Web Attack,0.4723298284449364,0.99533527696793
Web Attack,0.4796291093003653,0.99533527696793
Web Attack,0.4843927355278093,0.99533527696793
Web Attack,0.4906582351250359,0.99533527696793
Web Attack,0.4994148624926858,0.99533527696793
Web Attack,0.5057777777777778,0.99533527696793
Web Attack,0.5149321266968325,0.99533527696793
Web Attack,0.5245851259987707,0.99533527696793
Web Attack,0.5311138767890479,0.99533527696793
Web Attack,0.5407031992397846,0.99533527696793
Web Attack,0.5483456472855767,0.99533527696793
Web Attack,0.5540408958130477,0.99533527696793
Web Attack,0.5607752956636005,0.99533527696793
Web Attack,0.5699499165275459,0.99533527696793
Web Attack,0.5827067669172933,0.9941690962099126
Web Attack,0.5918083998611593,0.9941690962099126
Web Attack,0.6065457132692992,0.9941690962099126
Web Attack,0.6266078647556046,0.9941690962099126
Web Attack,0.6369069854314531,0.9941690962099126
Web Attack,0.6458333333333334,0.9941690962099126
Web Attack,0.6535070908394021,0.9941690962099126
Web Attack,0.6688897606904668,0.9941690962099126
Web Attack,0.6798245614035088,0.9941690962099126
Web Attack,0.6911228212403729,0.9941690962099126
Web Attack,0.7071754458730817,0.9941690962099126
Web Attack,0.7200168918918919,0.9941690962099126
Web Attack,0.7286324786324786,0.9941690962099126
Web Attack,0.737137916126243,0.9941690962099126
Web Attack,0.7478070175438597,0.9941690962099126
Web Attack,0.7598039215686274,0.9941690962099126
Web Attack,0.7691960252935862,0.993002915451895
Web Attack,0.7794050343249428,0.993002915451895
Web Attack,0.7909893172317696,0.993002915451895
Web Attack,0.799812030075188,0.9924198250728863
Web Attack,0.8100904331270823,0.9924198250728863
Web Attack,0.8213423466924191,0.9918367346938776
Web Attack,0.8321096426823299,0.9912536443148688
Web Attack,0.842835894893406,0.9912536443148688
Web Attack,0.8655804480651731,0.9912536443148688
Web Attack,0.8812856402280974,0.9912536443148688
Web Attack,0.894681411269089,0.99067055393586
Web Attack,0.9085072231139647,0.9900874635568513
Web Attack,0.9207813347802496,0.9895043731778426
Web Attack,0.9329301814183617,0.9895043731778426
Web Attack,0.9453125,0.9877551020408163
Web Attack,0.956989247311828,0.9860058309037901
Web Attack,0.9695752009184845,0.9848396501457726
Web Attack,0.9825174825174825,0.9830903790087464
Web Attack,0.991725768321513,0.9784256559766764
Web Attack,1.0,0.0
SSH-Patator,0.0012885153500958755,1.0
SSH-Patator,0.0012886920401371268,1.0
SSH-Patator,0.0012888507155498963,1.0
SSH-Patator,0.0012895103466303967,1.0
SSH-Patator,0.0012924007837720637,1.0
SSH-Patator,0.0014639324010026374,1.0
SSH-Patator,0.0014985968477670033,1.0
SSH-Patator,0.0015433125420665046,1.0
SSH-Patator,0.0017441498167118678,1.0
SSH-Patator,0.0018300726059096775,1.0
SSH-Patator,0.00219503878612224,1.0
SSH-Patator,0.002306975577415829,1.0
SSH-Patator,0.0024091673730438964,1.0
SSH-Patator,0.002463527829254082,1.0
SSH-Patator,0.002515466455400047,1.0
SSH-Patator,0.002692171374742937,1.0
SSH-Patator,0.0032298485671388307,1.0
SSH-Patator,0.003388469990657034,1.0
SSH-Patator,0.0035048509859860405,1.0
SSH-Patator,0.003592705760886247,1.0
SSH-Patator,0.003680753589628137,1.0
SSH-Patator,0.0037901479703205654,1.0
SSH-Patator,0.0038919680359844563,1.0
SSH-Patator,0.003985895348189243,1.0
SSH-Patator,0.0040760116819286265,1.0
SSH-Patator,0.004154519068032468,1.0
SSH-Patator,0.004243810628809129,1.0
SSH-Patator,0.004323785184277206,1.0
SSH-Patator,0.004380160509493467,1.0
SSH-Patator,0.004431937488167157,1.0
SSH-Patator,0.004497753743179135,1.0
SSH-Patator,0.004578860423886892,1.0
SSH-Patator,0.004627491432401785,1.0
SSH-Patator,0.004673210976873504,1.0
SSH-Patator,0.005119620173888148,1.0
SSH-Patator,0.00527874868031283,1.0
SSH-Patator,0.00766531022924487,1.0
SSH-Patator,0.007825082809128758,1.0
SSH-Patator,0.008930119646263222,1.0
SSH-Patator,0.009661745117535599,1.0
SSH-Patator,0.010627716258548605,1.0
SSH-Patator,0.011652374595560785,1.0
SSH-Patator,0.012067333377072536,1.0
SSH-Patator,0.012292518987764766,1.0
SSH-Patator,0.012684666577997153,1.0
SSH-Patator,0.013261165128543178,1.0
SSH-Patator,0.013572204125950055,1.0
SSH-Patator,0.013755121445703327,1.0
SSH-Patator,0.01395792566252717,1.0
SSH-Patator,0.014299279760549536,1.0
SSH-Patator,0.014513583586968774,1.0
SSH-Patator,0.014700677087496146,1.0
SSH-Patator,0.014909385675409646,1.0
SSH-Patator,0.015274737660088149,1.0
SSH-Patator,0.015738935375625738,1.0
SSH-Patator,0.016162643266925267,1.0
SSH-Patator,0.016506727693481285,1.0
SSH-Patator,0.016780929044366823,1.0
SSH-Patator,0.01705591691284592,1.0
SSH-Patator,0.017455023657488376,1.0
SSH-Patator,0.017631793375923528,1.0
SSH-Patator,0.01794312551826018,1.0
SSH-Patator,0.01817719767614234,1.0
SSH-Patator,0.01836465428092572,1.0
SSH-Patator,0.018569399072611757,1.0
SSH-Patator,0.01892241442659573,1.0
SSH-Patator,0.019195646501919565,1.0
SSH-Patator,0.01938159538755664,1.0
SSH-Patator,0.019575199172900324,1.0
SSH-Patator,0.01968925387285712,1.0
SSH-Patator,0.019926639014424565,1.0
SSH-Patator,0.0200895643490201,1.0
SSH-Patator,0.02038990244520461,1.0
SSH-Patator,0.020620455491847912,1.0
SSH-Patator,0.020887580204252142,1.0
SSH-Patator,0.021042911194828755,1.0
SSH-Patator,0.021261662951036247,1.0
SSH-Patator,0.02140873642727681,1.0
SSH-Patator,0.021570499932984856,1.0
SSH-Patator,0.021724274662324624,1.0
SSH-Patator,0.02188602269346819,1.0
SSH-Patator,0.022106040314549637,1.0
SSH-Patator,0.022318719988905646,1.0
SSH-Patator,0.02262701885731358,1.0
SSH-Patator,0.02285962856432655,1.0
SSH-Patator,0.02310183648385563,1.0
SSH-Patator,0.023260435579884917,1.0
SSH-Patator,0.023419523242171513,1.0
SSH-Patator,0.023606094497717313,1.0
SSH-Patator,0.023783793769107855,1.0
SSH-Patator,0.024052382820527192,1.0
SSH-Patator,0.02436900829965836,1.0
SSH-Patator,0.02456100189811238,1.0
SSH-Patator,0.024815211001570827,1.0
SSH-Patator,0.02505302484870892,1.0
SSH-Patator,0.02531608234854592,1.0
SSH-Patator,0.025520064221365497,1.0
SSH-Patator,0.025764428079724646,1.0
SSH-Patator,0.026020614389652384,1.0
SSH-Patator,0.026780235666073862,1.0
SSH-Patator,0.02721757145273127,1.0
SSH-Patator,0.027583473482373357,1.0
SSH-Patator,0.028235887538927147,1.0
SSH-Patator,0.02856794177687051,1.0
SSH-Patator,0.0289225101369186,1.0
SSH-Patator,0.029507821004984815,1.0
SSH-Patator,0.029931767194783153,1.0
SSH-Patator,0.03039711020870715,1.0
SSH-Patator,0.030772724013480246,1.0
SSH-Patator,0.03133708972751944,1.0
SSH-Patator,0.03164868120252698,1.0
SSH-Patator,0.03200347999005717,1.0
SSH-Patator,0.032304604190189434,1.0
SSH-Patator,0.032827220458688695,1.0
SSH-Patator,0.033092582121009614,1.0
SSH-Patator,0.033541311172187414,1.0
SSH-Patator,0.03401180837152783,1.0
SSH-Patator,0.03481423395165215,1.0
SSH-Patator,0.03509082732587455,1.0
SSH-Patator,0.035426841851826374,1.0
SSH-Patator,0.03594009518891231,1.0
SSH-Patator,0.03633362023959024,1.0
SSH-Patator,0.036818851251840944,1.0
SSH-Patator,0.03711711711711712,1.0
SSH-Patator,0.03766326844037502,1.0
SSH-Patator,0.03814080251210878,1.0
SSH-Patator,0.038475330962555655,1.0
SSH-Patator,0.03881402429833288,1.0
SSH-Patator,0.03934180773696755,1.0
SSH-Patator,0.039671535095827944,1.0
SSH-Patator,0.04024632312717838,1.0
SSH-Patator,0.040786264136598346,1.0
SSH-Patator,0.04111185618034933,1.0
SSH-Patator,0.04200446960181394,1.0
SSH-Patator,0.042234578228279945,1.0
SSH-Patator,0.04268545379196022,1.0
SSH-Patator,0.04313810895932453,1.0
SSH-Patator,0.04354958733594913,1.0
SSH-Patator,0.04449474702792369,1.0
SSH-Patator,0.04476548103334376,1.0
SSH-Patator,0.045619629728053855,1.0
SSH-Patator,0.04594194365644347,1.0
SSH-Patator,0.04628714206108105,1.0
SSH-Patator,0.0469248291571754,1.0
SSH-Patator,0.047226909250972046,1.0
SSH-Patator,0.047597042513863215,1.0
SSH-Patator,0.04779671084382077,1.0
SSH-Patator,0.04816054762750856,1.0
SSH-Patator,0.04849340866290019,1.0
SSH-Patator,0.049085952839360264,1.0
SSH-Patator,0.04963185690605605,1.0
SSH-Patator,0.050352959580750506,1.0
SSH-Patator,0.050762922367227854,1.0
SSH-Patator,0.05169333306566559,1.0
SSH-Patator,0.052298068525702214,1.0
SSH-Patator,0.052805348207694204,1.0
SSH-Patator,0.05369393414934212,1.0
SSH-Patator,0.054672073717064056,1.0
SSH-Patator,0.05560714362839311,1.0
SSH-Patator,0.05616262077689808,1.0
SSH-Patator,0.05697532912932846,1.0
SSH-Patator,0.057494362203317925,1.0
SSH-Patator,0.05821972009315155,1.0
SSH-Patator,0.058843692870201095,1.0
SSH-Patator,0.05934000092178642,1.0
SSH-Patator,0.06013825961044421,1.0
SSH-Patator,0.060815757776150774,1.0
SSH-Patator,0.061596976365898,1.0
SSH-Patator,0.06223113731934845,1.0
SSH-Patator,0.0628171350507416,1.0
SSH-Patator,0.06381660470879802,1.0
SSH-Patator,0.06442492932022317,1.0
SSH-Patator,0.06518492266410146,1.0
SSH-Patator,0.06629080424261147,1.0
SSH-Patator,0.06731674160828192,1.0
SSH-Patator,0.06833138732618618,1.0
SSH-Patator,0.0698267212625756,1.0
SSH-Patator,0.07162128334214113,1.0
SSH-Patator,0.07317835625781516,1.0
SSH-Patator,0.07393901108367312,1.0
SSH-Patator,0.07470480721808001,1.0
SSH-Patator,0.07518028670695746,1.0
SSH-Patator,0.076341535724874,1.0
SSH-Patator,0.07692307692307693,1.0
SSH-Patator,0.07759529908091005,1.0
SSH-Patator,0.07877508565834557,1.0
SSH-Patator,0.07988955075701167,1.0
SSH-Patator,0.08057954687695582,1.0
SSH-Patator,0.08122515929594347,1.0
SSH-Patator,0.08179277047201576,1.0
SSH-Patator,0.0829521293731074,1.0
SSH-Patator,0.0836609376522954,1.0
SSH-Patator,0.08428805237315876,1.0
SSH-Patator,0.0847987881182902,1.0
SSH-Patator,0.0865517125474774,1.0
SSH-Patator,0.08707855669405837,1.0
SSH-Patator,0.08758205503214177,1.0
SSH-Patator,0.08861587170486614,1.0
SSH-Patator,0.08969937645870345,1.0
SSH-Patator,0.09092835198983015,1.0
SSH-Patator,0.09254932969126263,1.0
SSH-Patator,0.09391640528120213,1.0
SSH-Patator,0.09576050576422462,1.0
SSH-Patator,0.09737558614430494,1.0
SSH-Patator,0.09870060178619341,1.0
SSH-Patator,0.10073940769140488,1.0
SSH-Patator,0.10192368587713743,1.0
SSH-Patator,0.10398998465390517,1.0
SSH-Patator,0.10638297872340426,1.0
SSH-Patator,0.10815237935234576,1.0
SSH-Patator,0.11001452618986585,1.0
SSH-Patator,0.11113029217556428,1.0
SSH-Patator,0.11247979731795746,1.0
SSH-Patator,0.114847687435886,1.0
SSH-Patator,0.11681713015469763,1.0
SSH-Patator,0.11836359457595955,1.0
SSH-Patator,0.11967837888083287,1.0
SSH-Patator,0.12133634907171803,1.0
SSH-Patator,0.12226970560303893,1.0
SSH-Patator,0.12407844648966415,1.0
SSH-Patator,0.12524928255265333,1.0
SSH-Patator,0.1267973212527083,1.0
SSH-Patator,0.12828177153390127,1.0
SSH-Patator,0.12956626748515648,1.0
SSH-Patator,0.1306907577526265,1.0
SSH-Patator,0.13200389603731993,1.0
SSH-Patator,0.13526290907180752,1.0
SSH-Patator,0.1372308676188446,1.0
SSH-Patator,0.1394756797746723,1.0
SSH-Patator,0.14183420545304323,1.0
SSH-Patator,0.14261187416925122,1.0
SSH-Patator,0.14375034890861385,1.0
SSH-Patator,0.14618223105307976,1.0
SSH-Patator,0.14866347208590727,1.0
SSH-Patator,0.14997961442134078,1.0
SSH-Patator,0.15170260398256155,1.0
SSH-Patator,0.15295515295515297,1.0
SSH-Patator,0.1540532455877954,1.0
SSH-Patator,0.15522334076797878,1.0
SSH-Patator,0.1563163965276513,1.0
SSH-Patator,0.15725190839694655,1.0
SSH-Patator,0.15871548323471402,1.0
SSH-Patator,0.1601965907676994,1.0
SSH-Patator,0.16088722274289285,1.0
SSH-Patator,0.1629231255931667,1.0
SSH-Patator,0.16428480285823657,1.0
SSH-Patator,0.16549906806350023,1.0
SSH-Patator,0.16688269604666234,1.0
SSH-Patator,0.17184997330485852,1.0
SSH-Patator,0.17495583639081397,1.0
SSH-Patator,0.1783858676827156,1.0
SSH-Patator,0.1848661066838969,1.0
SSH-Patator,0.1882998171846435,1.0
SSH-Patator,0.19278281051134236,1.0
SSH-Patator,0.1956835625807432,1.0
SSH-Patator,0.19930340557275542,1.0
SSH-Patator,0.20223042488023246,1.0
SSH-Patator,0.20992988749388553,1.0
SSH-Patator,0.2139415088069126,1.0
SSH-Patator,0.21640473989410874,1.0
SSH-Patator,0.21916758873095582,1.0
SSH-Patator,0.22257757801019967,1.0
SSH-Patator,0.22508741258741258,1.0
SSH-Patator,0.22707231040564374,1.0
SSH-Patator,0.22939866369710468,1.0
SSH-Patator,0.23150229254697474,1.0
SSH-Patator,0.23341189267585208,1.0
SSH-Patator,0.23658581403895626,1.0
SSH-Patator,0.23849217375196813,1.0
SSH-Patator,0.2409018617270091,1.0
SSH-Patator,0.2424442142924395,1.0
SSH-Patator,0.24421471927162366,1.0
SSH-Patator,0.24754854835608536,1.0
SSH-Patator,0.2500485531171101,1.0
SSH-Patator,0.2541703681768828,1.0
SSH-Patator,0.25734559264441337,1.0
SSH-Patator,0.26057478243270593,1.0
SSH-Patator,0.2639942587656346,1.0
SSH-Patator,0.2662599524351153,1.0
SSH-Patator,0.2683130144836928,1.0
SSH-Patator,0.2716817894070479,1.0
SSH-Patator,0.2744909924315105,1.0
SSH-Patator,0.27750835219312425,1.0
SSH-Patator,0.2816978448747402,1.0
SSH-Patator,0.28487664564664233,1.0
SSH-Patator,0.2883538633818589,1.0
SSH-Patator,0.29314663023679416,1.0
SSH-Patator,0.29641993783814896,1.0
SSH-Patator,0.29879322348572757,1.0
SSH-Patator,0.30116959064327486,1.0
SSH-Patator,0.30412188496515885,1.0
SSH-Patator,0.3078302450687388,1.0
SSH-Patator,0.31072764571014844,1.0
SSH-Patator,0.3157184894556155,1.0
SSH-Patator,0.3213929106340489,1.0
SSH-Patator,0.32398087569199796,1.0
SSH-Patator,0.3317016617287131,1.0
SSH-Patator,0.3440213760855043,1.0
SSH-Patator,0.35443909153475567,1.0
SSH-Patator,0.3666524277374342,1.0
SSH-Patator,0.37454545454545457,1.0
SSH-Patator,0.37934590453741895,1.0
SSH-Patator,0.38634658664666166,1.0
SSH-Patator,0.39104024297646167,1.0
SSH-Patator,0.3975605990427667,1.0
SSH-Patator,0.4036050156739812,1.0
SSH-Patator,0.40737225122607185,1.0
SSH-Patator,0.4116706634692246,1.0
SSH-Patator,0.4157920232520588,1.0
SSH-Patator,0.41972290138549306,1.0
SSH-Patator,0.42498762171975574,1.0
SSH-Patator,0.42852388084539855,1.0
SSH-Patator,0.4348927546022631,1.0
SSH-Patator,0.44259195599862494,1.0
SSH-Patator,0.4462738301559792,1.0
SSH-Patator,0.44907568887338684,1.0
SSH-Patator,0.45342489874977987,1.0
SSH-Patator,0.45810354029532113,1.0
SSH-Patator,0.46163499462172825,1.0
SSH-Patator,0.46488535836793643,1.0
SSH-Patator,0.46869311976701855,1.0
SSH-Patator,0.47299779573842765,1.0
SSH-Patator,0.4771169168056328,1.0
SSH-Patator,0.480410447761194,1.0
SSH-Patator,0.4842045881910493,1.0
SSH-Patator,0.48963681308233503,1.0
SSH-Patator,0.49235181644359466,1.0
SSH-Patator,0.4963377023901311,1.0
SSH-Patator,0.5010702471297918,1.0
SSH-Patator,0.5043086564825695,1.0
SSH-Patator,0.5104063429137761,1.0
SSH-Patator,0.5156187424909892,1.0
SSH-Patator,0.5196770938446014,1.0
SSH-Patator,0.5250815660685155,1.0
SSH-Patator,0.5292908530318602,1.0
SSH-Patator,0.5345650820012456,1.0
SSH-Patator,0.5402853545950482,1.0
SSH-Patator,0.5484558040468583,1.0
SSH-Patator,0.5548373195432019,1.0
SSH-Patator,0.5624726955002184,1.0
SSH-Patator,0.5691865605658709,1.0
SSH-Patator,0.5754189944134078,1.0
SSH-Patator,0.5831068840579711,1.0
SSH-Patator,0.5908673703533731,1.0
SSH-Patator,0.5977251624883937,1.0
SSH-Patator,0.6027621722846442,1.0
SSH-Patator,0.6093232371036441,1.0
SSH-Patator,0.6152927120669056,1.0
SSH-Patator,0.6197352587244284,1.0
SSH-Patator,0.6254554287102259,1.0
SSH-Patator,0.6323673870333988,1.0
SSH-Patator,0.638640873015873,1.0
SSH-Patator,0.6434282858570715,1.0
SSH-Patator,0.6507455142784938,1.0
SSH-Patator,0.6560509554140127,1.0
SSH-Patator,0.6612737544940934,1.0
SSH-Patator,0.6695267810712429,1.0
SSH-Patator,0.6788821513314,1.0
SSH-Patator,0.6846583355490561,1.0
SSH-Patator,0.6903485254691689,1.0
SSH-Patator,0.6970763400108284,1.0
SSH-Patator,0.7025920873124147,1.0
SSH-Patator,0.7087806220754198,1.0
SSH-Patator,0.7142857142857143,1.0
SSH-Patator,0.7223001402524544,1.0
SSH-Patator,0.7285592980469856,0.9996116504854369
SSH-Patator,0.7354285714285714,0.9996116504854369
SSH-Patator,0.7432861680623737,0.9996116504854369
SSH-Patator,0.7519719544259421,0.9996116504854369
SSH-Patator,0.7606382978723404,0.9996116504854369
SSH-Patator,0.7688172043010753,0.9996116504854369
SSH-Patator,0.7767048883524442,0.9996116504854369
SSH-Patator,0.7842778793418648,0.9996116504854369
SSH-Patator,0.7922437673130194,0.9996116504854369
SSH-Patator,0.8006220839813375,0.9996116504854369
SSH-Patator,0.8071495766698025,0.9996116504854369
SSH-Patator,0.8153310104529616,0.9996116504854369
SSH-Patator,0.8223642172523962,0.9996116504854369
SSH-Patator,0.8292525773195877,0.9996116504854369
SSH-Patator,0.8365290867728307,0.9996116504854369
SSH-Patator,0.8439344262295082,0.9996116504854369
SSH-Patator,0.8514720476347999,0.9996116504854369
SSH-Patator,0.8600066822586034,0.9996116504854369
SSH-Patator,0.8672506738544474,0.9996116504854369
SSH-Patator,0.8743206521739131,0.9996116504854369
SSH-Patator,0.8815068493150685,0.9996116504854369
SSH-Patator,0.889426399447132,0.9996116504854369
SSH-Patator,0.8978025810952215,0.9996116504854369
SSH-Patator,0.9050632911392406,0.9996116504854369
SSH-Patator,0.9137380191693291,0.9996116504854369
SSH-Patator,0.9215896885069818,0.9996116504854369
SSH-Patator,0.93058568329718,0.9996116504854369
SSH-Patator,0.939073330901131,0.9996116504854369
SSH-Patator,0.9519230769230769,0.9996116504854369
SSH-Patator,0.9636840134780981,0.9996116504854369
SSH-Patator,0.9716874292185731,0.9996116504854369
SSH-Patator,0.9801980198019802,0.9996116504854369
SSH-Patator,0.99,0.9996116504854369
SSH-Patator,0.9984478075281334,0.9992233009708738
SSH-Patator,1.0,0.0
DoS Slowhttptest,0.0020926490074178452,1.0
DoS Slowhttptest,0.002092976816603282,1.0
DoS Slowhttptest,0.002093045952418489,1.0
DoS Slowhttptest,0.0020934786787556465,1.0
DoS Slowhttptest,0.002099665318770566,1.0
DoS Slowhttptest,0.0023002427300614003,1.0
DoS Slowhttptest,0.0023523680899187357,1.0
DoS Slowhttptest,0.002486515026113759,1.0
DoS Slowhttptest,0.0027105733750657063,1.0
DoS Slowhttptest,0.0028673628695020784,1.0
DoS Slowhttptest,0.0033087013624064432,1.0
DoS Slowhttptest,0.003427998104846576,1.0
DoS Slowhttptest,0.003585799821138727,1.0
DoS Slowhttptest,0.0036718642305811327,1.0
DoS Slowhttptest,0.004181811818468169,1.0
DoS Slowhttptest,0.004474430906312992,1.0
DoS Slowhttptest,0.004609768034532476,1.0
DoS Slowhttptest,0.004822845201891773,1.0
DoS Slowhttptest,0.0049486263479445215,1.0
DoS Slowhttptest,0.005141476668490321,1.0
DoS Slowhttptest,0.005297821964298608,1.0
DoS Slowhttptest,0.005427158372579224,1.0
DoS Slowhttptest,0.005539300289150945,1.0
DoS Slowhttptest,0.005658324854415171,1.0
DoS Slowhttptest,0.0057780467383465005,1.0
DoS Slowhttptest,0.005874750653218329,1.0
DoS Slowhttptest,0.005977160698560106,0.9997608799617408
DoS Slowhttptest,0.006079394183498538,0.9997608799617408
DoS Slowhttptest,0.006221411416684275,0.9997608799617408
DoS Slowhttptest,0.006309924283926974,0.9997608799617408
DoS Slowhttptest,0.006385331301104795,0.9997608799617408
DoS Slowhttptest,0.006536714101229171,0.9997608799617408
DoS Slowhttptest,0.006925567951234461,0.9997608799617408
DoS Slowhttptest,0.007208185712931116,0.9997608799617408
DoS Slowhttptest,0.009375091093775576,0.9997608799617408
DoS Slowhttptest,0.009757725546757032,0.9997608799617408
DoS Slowhttptest,0.010100180455269076,0.9997608799617408
DoS Slowhttptest,0.011015763528627548,0.9997608799617408
DoS Slowhttptest,0.011592314303934344,0.9997608799617408
DoS Slowhttptest,0.011954218858559375,0.9997608799617408
DoS Slowhttptest,0.012240500510874752,0.9997608799617408
DoS Slowhttptest,0.012837281849108975,0.9997608799617408
DoS Slowhttptest,0.013755868699065286,0.9997608799617408
DoS Slowhttptest,0.014179033614585312,0.9997608799617408
DoS Slowhttptest,0.014596221250925138,0.9997608799617408
DoS Slowhttptest,0.014835184330979669,0.9997608799617408
DoS Slowhttptest,0.015164044422199494,0.9997608799617408
DoS Slowhttptest,0.015426564241069123,0.9997608799617408
DoS Slowhttptest,0.015699158906578553,0.9997608799617408
DoS Slowhttptest,0.01593873061982258,0.9997608799617408
DoS Slowhttptest,0.0162567169286042,0.9997608799617408
DoS Slowhttptest,0.01670508983830304,0.9997608799617408
DoS Slowhttptest,0.016997178655348767,0.9997608799617408
DoS Slowhttptest,0.01720760245952242,0.9997608799617408
DoS Slowhttptest,0.017449989357217685,0.9997608799617408
DoS Slowhttptest,0.017722034070727064,0.9997608799617408
DoS Slowhttptest,0.017970969641483238,0.9997608799617408
DoS Slowhttptest,0.01819804134929271,0.9997608799617408
DoS Slowhttptest,0.018406177361414384,0.9997608799617408
DoS Slowhttptest,0.018786198591821422,0.9997608799617408
DoS Slowhttptest,0.019074427219723168,0.9997608799617408
DoS Slowhttptest,0.019271366280409673,0.9997608799617408
DoS Slowhttptest,0.01952470124545272,0.9997608799617408
DoS Slowhttptest,0.019769256229608966,0.9997608799617408
DoS Slowhttptest,0.020000765396427513,0.9997608799617408
DoS Slowhttptest,0.02014774693157669,0.9997608799617408
DoS Slowhttptest,0.020614744398863995,0.9997608799617408
DoS Slowhttptest,0.02088588941118876,0.9997608799617408
DoS Slowhttptest,0.021099218304492857,0.9997608799617408
DoS Slowhttptest,0.02128352753724999,0.9997608799617408
DoS Slowhttptest,0.02154843630816171,0.9997608799617408
DoS Slowhttptest,0.021787162197371576,0.9997608799617408
DoS Slowhttptest,0.021988598115112758,0.9997608799617408
DoS Slowhttptest,0.022173666318407698,0.9997608799617408
DoS Slowhttptest,0.022555620293045035,0.9997608799617408
DoS Slowhttptest,0.022740375724744095,0.9997608799617408
DoS Slowhttptest,0.02296041648361304,0.9997608799617408
DoS Slowhttptest,0.023145226470034655,0.9997608799617408
DoS Slowhttptest,0.023428350489468168,0.9997608799617408
DoS Slowhttptest,0.023655281277758605,0.9997608799617408
DoS Slowhttptest,0.023923554487454583,0.9997608799617408
DoS Slowhttptest,0.02471945984935378,0.9997608799617408
DoS Slowhttptest,0.025064895358108474,0.9997608799617408
DoS Slowhttptest,0.02533340604342004,0.9997608799617408
DoS Slowhttptest,0.025610398520097517,0.9997608799617408
DoS Slowhttptest,0.025862922182358035,0.9997608799617408
DoS Slowhttptest,0.02607502572577879,0.9997608799617408
DoS Slowhttptest,0.026373390693302887,0.9997608799617408
DoS Slowhttptest,0.02693127725495501,0.9997608799617408
DoS Slowhttptest,0.02743060339454537,0.9997608799617408
DoS Slowhttptest,0.027829918660223385,0.9997608799617408
DoS Slowhttptest,0.028269291881621916,0.9997608799617408
DoS Slowhttptest,0.028706984153140533,0.9997608799617408
DoS Slowhttptest,0.02916291754727378,0.9997608799617408
DoS Slowhttptest,0.02952079023363859,0.9997608799617408
DoS Slowhttptest,0.03001478843917357,0.9997608799617408
DoS Slowhttptest,0.030403071575564104,0.9997608799617408
DoS Slowhttptest,0.030849258466760128,0.9997608799617408
DoS Slowhttptest,0.03140846022671785,0.9997608799617408
DoS Slowhttptest,0.03193358181595992,0.9997608799617408
DoS Slowhttptest,0.03230642033117751,0.9997608799617408
DoS Slowhttptest,0.03267156479599812,0.9995217599234816
DoS Slowhttptest,0.033161970043158163,0.9995217599234816
DoS Slowhttptest,0.033527170643673554,0.9995217599234816
DoS Slowhttptest,0.033962754720660404,0.9995217599234816
DoS Slowhttptest,0.034445534029385834,0.9995217599234816
DoS Slowhttptest,0.03485221161462459,0.9995217599234816
DoS Slowhttptest,0.03533927393855363,0.9995217599234816
DoS Slowhttptest,0.035807291666666664,0.9995217599234816
DoS Slowhttptest,0.03678865008537079,0.9995217599234816
DoS Slowhttptest,0.03733376204639033,0.9995217599234816
DoS Slowhttptest,0.03806471000701192,0.9995217599234816
DoS Slowhttptest,0.03832752613240418,0.9995217599234816
DoS Slowhttptest,0.038816559255613545,0.9995217599234816
DoS Slowhttptest,0.039354140187355835,0.9995217599234816
DoS Slowhttptest,0.03987864679730581,0.9995217599234816
DoS Slowhttptest,0.04028837998303647,0.9995217599234816
DoS Slowhttptest,0.040708998831320606,0.9995217599234816
DoS Slowhttptest,0.041200126163065766,0.9995217599234816
DoS Slowhttptest,0.041624759761404485,0.9995217599234816
DoS Slowhttptest,0.04215111881976867,0.9995217599234816
DoS Slowhttptest,0.042899514558124734,0.9995217599234816
DoS Slowhttptest,0.043233179914154214,0.9995217599234816
DoS Slowhttptest,0.04378751532039262,0.9995217599234816
DoS Slowhttptest,0.04426559356136821,0.9995217599234816
DoS Slowhttptest,0.0447767589339275,0.9995217599234816
DoS Slowhttptest,0.0452851447391229,0.9995217599234816
DoS Slowhttptest,0.045631693285154415,0.9995217599234816
DoS Slowhttptest,0.04614925900567617,0.9992826398852224
DoS Slowhttptest,0.046865012167632975,0.9992826398852224
DoS Slowhttptest,0.04739599872975548,0.9992826398852224
DoS Slowhttptest,0.04786777086698052,0.9992826398852224
DoS Slowhttptest,0.04893156138399391,0.9992826398852224
DoS Slowhttptest,0.049501314823150365,0.9992826398852224
DoS Slowhttptest,0.050358498523829606,0.9992826398852224
DoS Slowhttptest,0.051394628099173556,0.9992826398852224
DoS Slowhttptest,0.05204104505491768,0.9992826398852224
DoS Slowhttptest,0.05278247909667315,0.9992826398852224
DoS Slowhttptest,0.05357280209214676,0.9992826398852224
DoS Slowhttptest,0.05500131613582522,0.9992826398852224
DoS Slowhttptest,0.05566359422451916,0.9992826398852224
DoS Slowhttptest,0.05646534252128091,0.9992826398852224
DoS Slowhttptest,0.05741173238082154,0.9992826398852224
DoS Slowhttptest,0.05855975785771338,0.9992826398852224
DoS Slowhttptest,0.0597392572261772,0.9992826398852224
DoS Slowhttptest,0.06045657080030091,0.9992826398852224
DoS Slowhttptest,0.061119723871647116,0.9992826398852224
DoS Slowhttptest,0.061939557426373595,0.9992826398852224
DoS Slowhttptest,0.0627317351426813,0.9992826398852224
DoS Slowhttptest,0.0635415399586425,0.9992826398852224
DoS Slowhttptest,0.0644857649872695,0.9992826398852224
DoS Slowhttptest,0.06547180748562566,0.9992826398852224
DoS Slowhttptest,0.06604504148557883,0.9992826398852224
DoS Slowhttptest,0.06662096671342942,0.9992826398852224
DoS Slowhttptest,0.06733697491178034,0.9992826398852224
DoS Slowhttptest,0.0677606083699512,0.9992826398852224
DoS Slowhttptest,0.06844984603288999,0.9992826398852224
DoS Slowhttptest,0.06940131196545711,0.9992826398852224
DoS Slowhttptest,0.07035116662738629,0.9992826398852224
DoS Slowhttptest,0.07141392392084486,0.9992826398852224
DoS Slowhttptest,0.07225478499922196,0.9992826398852224
DoS Slowhttptest,0.07294594075651521,0.9992826398852224
DoS Slowhttptest,0.07340851602023608,0.9992826398852224
DoS Slowhttptest,0.07413123303709222,0.9992826398852224
DoS Slowhttptest,0.07497981519691396,0.9992826398852224
DoS Slowhttptest,0.075696922491713,0.9992826398852224
DoS Slowhttptest,0.07666201937188143,0.9992826398852224
DoS Slowhttptest,0.07745199792423456,0.9992826398852224
DoS Slowhttptest,0.07903247158499915,0.9992826398852224
DoS Slowhttptest,0.07967892007321538,0.9992826398852224
DoS Slowhttptest,0.080844231215662,0.9992826398852224
DoS Slowhttptest,0.08196206876262577,0.9992826398852224
DoS Slowhttptest,0.0827180776310841,0.9992826398852224
DoS Slowhttptest,0.08322380212689688,0.9992826398852224
DoS Slowhttptest,0.08415223519935562,0.9992826398852224
DoS Slowhttptest,0.08554584348324497,0.9992826398852224
DoS Slowhttptest,0.08691221429611297,0.9992826398852224
DoS Slowhttptest,0.08851188206887788,0.9992826398852224
DoS Slowhttptest,0.0900879537811503,0.9992826398852224
DoS Slowhttptest,0.09152431011826544,0.9992826398852224
DoS Slowhttptest,0.09285841258554794,0.9992826398852224
DoS Slowhttptest,0.0944897913039546,0.9992826398852224
DoS Slowhttptest,0.09628144871440421,0.9992826398852224
DoS Slowhttptest,0.0984521874337409,0.9992826398852224
DoS Slowhttptest,0.1,0.9992826398852224
DoS Slowhttptest,0.10113991142089596,0.9992826398852224
DoS Slowhttptest,0.10274376751733294,0.9992826398852224
DoS Slowhttptest,0.10547436965245703,0.9992826398852224
DoS Slowhttptest,0.10704131554007326,0.9992826398852224
DoS Slowhttptest,0.10871488033298647,0.9992826398852224
DoS Slowhttptest,0.11017373652157865,0.9992826398852224
DoS Slowhttptest,0.1121547999248544,0.9992826398852224
DoS Slowhttptest,0.11382335313027843,0.9990435198469632
DoS Slowhttptest,0.11558358923285474,0.9990435198469632
DoS Slowhttptest,0.11696856015006019,0.9990435198469632
DoS Slowhttptest,0.11895000569411229,0.9990435198469632
DoS Slowhttptest,0.12026136265507613,0.9990435198469632
DoS Slowhttptest,0.12213874353202561,0.9990435198469632
DoS Slowhttptest,0.12330667296284273,0.9990435198469632
DoS Slowhttptest,0.12480210293634436,0.9990435198469632
DoS Slowhttptest,0.12626171048655183,0.9990435198469632
DoS Slowhttptest,0.12790448492270015,0.9990435198469632
DoS Slowhttptest,0.12937387750046447,0.9990435198469632
DoS Slowhttptest,0.1315656883738506,0.9990435198469632
DoS Slowhttptest,0.1327444875135032,0.9990435198469632
DoS Slowhttptest,0.1340219413613909,0.9990435198469632
DoS Slowhttptest,0.1355129577373423,0.9990435198469632
DoS Slowhttptest,0.13675493437203365,0.9990435198469632
DoS Slowhttptest,0.13849570722975438,0.9990435198469632
DoS Slowhttptest,0.13992362320782528,0.998804399808704
DoS Slowhttptest,0.14121982554601392,0.998804399808704
DoS Slowhttptest,0.14275949280563247,0.998804399808704
DoS Slowhttptest,0.14412891204582312,0.998804399808704
DoS Slowhttptest,0.14532739544916845,0.998804399808704
DoS Slowhttptest,0.1468602770550594,0.998804399808704
DoS Slowhttptest,0.14863710767916874,0.998804399808704
DoS Slowhttptest,0.1495578072970747,0.998804399808704
DoS Slowhttptest,0.15049190961836462,0.9985652797704447
DoS Slowhttptest,0.15232536932336313,0.9985652797704447
DoS Slowhttptest,0.15460940392447242,0.9985652797704447
DoS Slowhttptest,0.1572289156626506,0.9985652797704447
DoS Slowhttptest,0.1595842250076429,0.9985652797704447
DoS Slowhttptest,0.16266116153157012,0.9985652797704447
DoS Slowhttptest,0.16624865639555714,0.9985652797704447
DoS Slowhttptest,0.16958375634517767,0.9985652797704447
DoS Slowhttptest,0.17407978656884404,0.9985652797704447
DoS Slowhttptest,0.17645567480774108,0.9985652797704447
DoS Slowhttptest,0.1797752808988764,0.9985652797704447
DoS Slowhttptest,0.18264520643806859,0.9985652797704447
DoS Slowhttptest,0.18602164907122812,0.9985652797704447
DoS Slowhttptest,0.1895252791140964,0.9985652797704447
DoS Slowhttptest,0.19235375403040073,0.9985652797704447
DoS Slowhttptest,0.19533186772066047,0.9985652797704447
DoS Slowhttptest,0.19784905481593784,0.9985652797704447
DoS Slowhttptest,0.20042234593971972,0.9985652797704447
DoS Slowhttptest,0.20303383897316218,0.9985652797704447
DoS Slowhttptest,0.20669174420906752,0.9985652797704447
DoS Slowhttptest,0.21076006863833652,0.9985652797704447
DoS Slowhttptest,0.21306122448979592,0.9985652797704447
DoS Slowhttptest,0.21492537313432836,0.9985652797704447
DoS Slowhttptest,0.21817041951831148,0.9985652797704447
DoS Slowhttptest,0.2205090294645686,0.9985652797704447
DoS Slowhttptest,0.2226368822306339,0.9985652797704447
DoS Slowhttptest,0.2254372705679119,0.9985652797704447
DoS Slowhttptest,0.22751293925360938,0.9985652797704447
DoS Slowhttptest,0.22980409421087386,0.9985652797704447
DoS Slowhttptest,0.2318454363757495,0.9985652797704447
DoS Slowhttptest,0.23406759710778544,0.9985652797704447
DoS Slowhttptest,0.23612917821390192,0.9983261597321855
DoS Slowhttptest,0.23914537747737427,0.9983261597321855
DoS Slowhttptest,0.24153890656638705,0.9983261597321855
DoS Slowhttptest,0.24491112805772278,0.9983261597321855
DoS Slowhttptest,0.24761283435146195,0.9983261597321855
DoS Slowhttptest,0.2501348031873465,0.9983261597321855
DoS Slowhttptest,0.25212875173621596,0.9983261597321855
DoS Slowhttptest,0.2546974133723768,0.9983261597321855
DoS Slowhttptest,0.2570337991750292,0.9983261597321855
DoS Slowhttptest,0.26030301140968887,0.9983261597321855
DoS Slowhttptest,0.26323093420803634,0.9978479196556671
DoS Slowhttptest,0.26574539896835,0.9978479196556671
DoS Slowhttptest,0.2683946488294314,0.9978479196556671
DoS Slowhttptest,0.27090366138665284,0.9978479196556671
DoS Slowhttptest,0.27392674281213075,0.9978479196556671
DoS Slowhttptest,0.2787016629933881,0.9978479196556671
DoS Slowhttptest,0.2826278360988825,0.9978479196556671
DoS Slowhttptest,0.2896307606885064,0.9978479196556671
DoS Slowhttptest,0.29476584022038566,0.9978479196556671
DoS Slowhttptest,0.30019423063088985,0.9978479196556671
DoS Slowhttptest,0.3096563497365101,0.9976087996174079
DoS Slowhttptest,0.3141566265060241,0.9976087996174079
DoS Slowhttptest,0.3192531374349556,0.9976087996174079
DoS Slowhttptest,0.3237370994024986,0.9976087996174079
DoS Slowhttptest,0.3279874213836478,0.9976087996174079
DoS Slowhttptest,0.332536266539136,0.9976087996174079
DoS Slowhttptest,0.3371585582673347,0.9976087996174079
DoS Slowhttptest,0.3421074210742107,0.9976087996174079
DoS Slowhttptest,0.34703044418565965,0.9976087996174079
DoS Slowhttptest,0.35367921329264157,0.9976087996174079
DoS Slowhttptest,0.3581115879828326,0.9976087996174079
DoS Slowhttptest,0.36243593084875336,0.9976087996174079
DoS Slowhttptest,0.3688118811881188,0.9976087996174079
DoS Slowhttptest,0.3724667440407107,0.9976087996174079
DoS Slowhttptest,0.3768403938216963,0.9976087996174079
DoS Slowhttptest,0.38010204081632654,0.9976087996174079
DoS Slowhttptest,0.38304711176416567,0.9973696795791487
DoS Slowhttptest,0.38776269295145993,0.9971305595408895
DoS Slowhttptest,0.39147577919639504,0.9971305595408895
DoS Slowhttptest,0.3945500993471473,0.9971305595408895
DoS Slowhttptest,0.39805269186712483,0.9971305595408895
DoS Slowhttptest,0.4019277108433735,0.9971305595408895
DoS Slowhttptest,0.40528719992224704,0.9971305595408895
DoS Slowhttptest,0.408783452602686,0.9971305595408895
DoS Slowhttptest,0.41140489344909237,0.9971305595408895
DoS Slowhttptest,0.4155870041857684,0.9971305595408895
DoS Slowhttptest,0.4207446271819191,0.9971305595408895
DoS Slowhttptest,0.42498980839788014,0.9971305595408895
DoS Slowhttptest,0.429719703215169,0.9971305595408895
DoS Slowhttptest,0.4331117573743249,0.9971305595408895
DoS Slowhttptest,0.4369695064445143,0.9971305595408895
DoS Slowhttptest,0.43940990516332984,0.9971305595408895
DoS Slowhttptest,0.4422995333050488,0.9971305595408895
DoS Slowhttptest,0.44675380329976433,0.9971305595408895
DoS Slowhttptest,0.45123931161381103,0.9968914395026304
DoS Slowhttptest,0.45592738407699035,0.9968914395026304
DoS Slowhttptest,0.4597992720855851,0.9968914395026304
DoS Slowhttptest,0.4654979901741849,0.9968914395026304
DoS Slowhttptest,0.46985236109545814,0.9968914395026304
DoS Slowhttptest,0.4753163835366549,0.9968914395026304
DoS Slowhttptest,0.4798572744014733,0.9968914395026304
DoS Slowhttptest,0.48459839590840403,0.9968914395026304
DoS Slowhttptest,0.4888602251407129,0.9968914395026304
DoS Slowhttptest,0.4943673662990632,0.9968914395026304
DoS Slowhttptest,0.49910211899916196,0.9968914395026304
DoS Slowhttptest,0.5042331881954524,0.9968914395026304
DoS Slowhttptest,0.509035409035409,0.9968914395026304
DoS Slowhttptest,0.5141201134541867,0.9968914395026304
DoS Slowhttptest,0.5180168986083499,0.9968914395026304
DoS Slowhttptest,0.5230865746549561,0.9968914395026304
DoS Slowhttptest,0.5273877292852625,0.9968914395026304
DoS Slowhttptest,0.5316245855649069,0.9968914395026304
DoS Slowhttptest,0.5361368312757202,0.9968914395026304
DoS Slowhttptest,0.539955964253335,0.9968914395026304
DoS Slowhttptest,0.5443385137782422,0.9966523194643712
DoS Slowhttptest,0.5500857859311074,0.9966523194643712
DoS Slowhttptest,0.5557333333333333,0.9966523194643712
DoS Slowhttptest,0.5594630872483222,0.9966523194643712
DoS Slowhttptest,0.5633193674820922,0.9966523194643712
DoS Slowhttptest,0.5669976873894709,0.9966523194643712
DoS Slowhttptest,0.5711936412224202,0.9966523194643712
DoS Slowhttptest,0.5762688424837505,0.996413199426112
DoS Slowhttptest,0.5806047094886443,0.996413199426112
DoS Slowhttptest,0.5845139570767288,0.996413199426112
DoS Slowhttptest,0.5873150105708245,0.996413199426112
DoS Slowhttptest,0.5913154533844189,0.996413199426112
DoS Slowhttptest,0.5945213297189328,0.996413199426112
DoS Slowhttptest,0.6003457715026653,0.996413199426112
DoS Slowhttptest,0.6052287581699346,0.996413199426112
DoS Slowhttptest,0.6094778411584028,0.996413199426112
DoS Slowhttptest,0.6166025451316958,0.996413199426112
DoS Slowhttptest,0.6303131145061261,0.996413199426112
DoS Slowhttptest,0.6347296268088347,0.996413199426112
DoS Slowhttptest,0.6408797293140572,0.996413199426112
DoS Slowhttptest,0.6470496894409938,0.996413199426112
DoS Slowhttptest,0.6536470588235294,0.996413199426112
DoS Slowhttptest,0.6568411097099621,0.996413199426112
DoS Slowhttptest,0.6619002224340642,0.9961740793878527
DoS Slowhttptest,0.6667733674775929,0.9961740793878527
DoS Slowhttptest,0.6721523071958696,0.9961740793878527
DoS Slowhttptest,0.676408507874655,0.9961740793878527
DoS Slowhttptest,0.6826151073242668,0.9961740793878527
DoS Slowhttptest,0.6897350993377483,0.9961740793878527
DoS Slowhttptest,0.6935242217413018,0.9961740793878527
DoS Slowhttptest,0.6973552058921996,0.9961740793878527
DoS Slowhttptest,0.7035973653099139,0.9961740793878527
DoS Slowhttptest,0.7094686648501363,0.9961740793878527
DoS Slowhttptest,0.7139674378748929,0.9961740793878527
DoS Slowhttptest,0.7191437942344209,0.9961740793878527
DoS Slowhttptest,0.7240180743830379,0.9961740793878527
DoS Slowhttptest,0.7276855895196507,0.9961740793878527
DoS Slowhttptest,0.7335798556083818,0.9961740793878527
DoS Slowhttptest,0.7400959317818441,0.9961740793878527
DoS Slowhttptest,0.7439285714285714,0.9961740793878527
DoS Slowhttptest,0.749820014398848,0.9961740793878527
DoS Slowhttptest,0.7545734468393407,0.9961740793878527
DoS Slowhttptest,0.7645439530189025,0.9961740793878527
DoS Slowhttptest,0.7698706099815157,0.9959349593495935
DoS Slowhttptest,0.7745954993490795,0.9959349593495935
DoS Slowhttptest,0.7801086345757633,0.9959349593495935
DoS Slowhttptest,0.7858490566037736,0.9959349593495935
DoS Slowhttptest,0.7904725754412602,0.9959349593495935
DoS Slowhttptest,0.7951508209240168,0.9959349593495935
DoS Slowhttptest,0.8011155991536834,0.9959349593495935
DoS Slowhttptest,0.813000195198126,0.9959349593495935
DoS Slowhttptest,0.8187536858659328,0.9959349593495935
DoS Slowhttptest,0.8286908077994429,0.9959349593495935
DoS Slowhttptest,0.833500100060036,0.9959349593495935
DoS Slowhttptest,0.8482688391038696,0.9959349593495935
DoS Slowhttptest,0.8559391697492807,0.9959349593495935
DoS Slowhttptest,0.8628263572316618,0.9956958393113343
DoS Slowhttptest,0.8693110647181629,0.9956958393113343
DoS Slowhttptest,0.8749737339777264,0.9956958393113343
DoS Slowhttptest,0.8869009584664537,0.9956958393113343
DoS Slowhttptest,0.8939231264762723,0.9954567192730751
DoS Slowhttptest,0.9001081081081082,0.9954567192730751
DoS Slowhttptest,0.9063792728064446,0.9954567192730751
DoS Slowhttptest,0.9113203415809065,0.9952175992348159
DoS Slowhttptest,0.9181557467460842,0.9952175992348159
DoS Slowhttptest,0.9242727070841661,0.9952175992348159
DoS Slowhttptest,0.9296403841858387,0.9952175992348159
DoS Slowhttptest,0.9369511371312768,0.9949784791965567
DoS Slowhttptest,0.9476201320883626,0.9949784791965567
DoS Slowhttptest,0.95390965374914,0.9947393591582975
DoS Slowhttptest,0.9602863080120064,0.9945002391200383
DoS Slowhttptest,0.9653971202972597,0.9940219990435198
DoS Slowhttptest,0.9708012146694698,0.9937828790052606
DoS Slowhttptest,0.9769628584861307,0.9937828790052606
DoS Slowhttptest,0.9836686390532544,0.9937828790052606
DoS Slowhttptest,0.9878542510121457,0.991869918699187
DoS Slowhttptest,0.992320614350852,0.9887613582018173
DoS Slowhttptest,1.0,0.0
DoS slowloris,0.002155698690568168,1.0
DoS slowloris,0.002156025586038083,1.0
DoS slowloris,0.002156253284682493,1.0
DoS slowloris,0.0021571602397512358,1.0
DoS slowloris,0.002207507781106234,1.0
DoS slowloris,0.0024265296064211786,1.0
DoS slowloris,0.002492301230588196,1.0
DoS slowloris,0.002789247634935602,0.9997678737233054
DoS slowloris,0.0029351053455444255,0.9997678737233054
DoS slowloris,0.003359476461434661,0.9997678737233054
DoS slowloris,0.0034858292583042376,0.9997678737233054
DoS slowloris,0.003624810637939741,0.9997678737233054
DoS slowloris,0.0037444391991577402,0.9997678737233054
DoS slowloris,0.00394165219929916,0.9997678737233054
DoS slowloris,0.004647418778075233,0.9997678737233054
DoS slowloris,0.004866188295613878,0.9997678737233054
DoS slowloris,0.005010236843329766,0.9997678737233054
DoS slowloris,0.005135261132857444,0.9997678737233054
DoS slowloris,0.005251043015393469,0.9997678737233054
DoS slowloris,0.005386537533173417,0.9997678737233054
DoS slowloris,0.005502247783834608,0.9997678737233054
DoS slowloris,0.00560845265564856,0.9997678737233054
DoS slowloris,0.00572216605308714,0.9997678737233054
DoS slowloris,0.005819389497805738,0.9997678737233054
DoS slowloris,0.005921959925367081,0.9997678737233054
DoS slowloris,0.006024509275953857,0.9997678737233054
DoS slowloris,0.0061420996939645705,0.9997678737233054
DoS slowloris,0.006232788199524473,0.9997678737233054
DoS slowloris,0.0062983305841200765,0.9997678737233054
DoS slowloris,0.006708294330112875,0.9997678737233054
DoS slowloris,0.006910006273072795,0.9997678737233054
DoS slowloris,0.009095708734583544,0.9997678737233054
DoS slowloris,0.009379539233129569,0.9997678737233054
DoS slowloris,0.010172654054181723,0.9997678737233054
DoS slowloris,0.010341581947492521,0.9997678737233054
DoS slowloris,0.010551898337224657,0.9997678737233054
DoS slowloris,0.010890783671157502,0.9997678737233054
DoS slowloris,0.011083233617683767,0.9997678737233054
DoS slowloris,0.011402807415134202,0.9997678737233054
DoS slowloris,0.011720844162029037,0.9997678737233054
DoS slowloris,0.011940472295997295,0.9997678737233054
DoS slowloris,0.012118330275848873,0.9997678737233054
DoS slowloris,0.01238444396520739,0.9997678737233054
DoS slowloris,0.012582934304053007,0.9997678737233054
DoS slowloris,0.012770600636306221,0.9997678737233054
DoS slowloris,0.013344776729832563,0.9997678737233054
DoS slowloris,0.013802186815018009,0.9997678737233054
DoS slowloris,0.014187644528187526,0.9997678737233054
DoS slowloris,0.01438250723800428,0.9997678737233054
DoS slowloris,0.014557757828132605,0.9997678737233054
DoS slowloris,0.014760564924894873,0.9997678737233054
DoS slowloris,0.014964265736452423,0.9997678737233054
DoS slowloris,0.015215909050763268,0.9997678737233054
DoS slowloris,0.01565151663813999,0.9997678737233054
DoS slowloris,0.015861500047875437,0.9997678737233054
DoS slowloris,0.01606052809194065,0.9997678737233054
DoS slowloris,0.016356897088647016,0.9997678737233054
DoS slowloris,0.016577179916479032,0.9997678737233054
DoS slowloris,0.016846659026281102,0.9997678737233054
DoS slowloris,0.017033342956690935,0.9997678737233054
DoS slowloris,0.017412854867270948,0.9997678737233054
DoS slowloris,0.017611436188700386,0.9997678737233054
DoS slowloris,0.017858475623408827,0.9997678737233054
DoS slowloris,0.018097094884744994,0.9997678737233054
DoS slowloris,0.018284554709323553,0.9997678737233054
DoS slowloris,0.01854770640621501,0.9997678737233054
DoS slowloris,0.018838709677419355,0.9997678737233054
DoS slowloris,0.019079133886171946,0.9997678737233054
DoS slowloris,0.019281822617976372,0.9997678737233054
DoS slowloris,0.019694454732933683,0.9997678737233054
DoS slowloris,0.019863945578231294,0.9997678737233054
DoS slowloris,0.020199698903954115,0.9997678737233054
DoS slowloris,0.020366762502837255,0.9997678737233054
DoS slowloris,0.020536318815978945,0.9997678737233054
DoS slowloris,0.020726361024624284,0.9997678737233054
DoS slowloris,0.020956495929856316,0.9997678737233054
DoS slowloris,0.021133464180569186,0.9997678737233054
DoS slowloris,0.021444290650548183,0.9997678737233054
DoS slowloris,0.021583671178507534,0.9997678737233054
DoS slowloris,0.02177462980095956,0.9997678737233054
DoS slowloris,0.02204049884091642,0.9997678737233054
DoS slowloris,0.022222336879688775,0.9997678737233054
DoS slowloris,0.022418630313819184,0.9997678737233054
DoS slowloris,0.02262828561971661,0.9997678737233054
DoS slowloris,0.02300084377369776,0.9997678737233054
DoS slowloris,0.02330715990324309,0.9997678737233054
DoS slowloris,0.023928708338657616,0.9997678737233054
DoS slowloris,0.024394664552122566,0.9997678737233054
DoS slowloris,0.024865195653930975,0.9997678737233054
DoS slowloris,0.025327397928880994,0.9997678737233054
DoS slowloris,0.02577837896072493,0.9997678737233054
DoS slowloris,0.02625931300223146,0.9997678737233054
DoS slowloris,0.02661007315144326,0.9997678737233054
DoS slowloris,0.027018210788465037,0.9997678737233054
DoS slowloris,0.02742857870671099,0.9997678737233054
DoS slowloris,0.02789778799753862,0.9997678737233054
DoS slowloris,0.028143153052489888,0.9997678737233054
DoS slowloris,0.02859324171811724,0.9997678737233054
DoS slowloris,0.028872517144523473,0.9997678737233054
DoS slowloris,0.02924520614916617,0.9997678737233054
DoS slowloris,0.029511117201685567,0.9997678737233054
DoS slowloris,0.029926555909921552,0.9997678737233054
DoS slowloris,0.030214807851500568,0.9997678737233054
DoS slowloris,0.030613622955597098,0.9997678737233054
DoS slowloris,0.031009035602433493,0.9997678737233054
DoS slowloris,0.031388925328319266,0.9997678737233054
DoS slowloris,0.03177448745472117,0.9997678737233054
DoS slowloris,0.03200612329825813,0.9997678737233054
DoS slowloris,0.032441756238654425,0.9997678737233054
DoS slowloris,0.032699388831947764,0.9997678737233054
DoS slowloris,0.03361613449575798,0.9997678737233054
DoS slowloris,0.033889903059297496,0.9997678737233054
DoS slowloris,0.03424559506392723,0.9997678737233054
DoS slowloris,0.03457771355170199,0.9997678737233054
DoS slowloris,0.034825709734541896,0.9997678737233054
DoS slowloris,0.03516636048173097,0.9997678737233054
DoS slowloris,0.035511984367141314,0.9997678737233054
DoS slowloris,0.035818239276150556,0.9997678737233054
DoS slowloris,0.03627405567018992,0.9997678737233054
DoS slowloris,0.03687878891666952,0.9997678737233054
DoS slowloris,0.037264930636688565,0.999535747446611
DoS slowloris,0.03751361240580215,0.999535747446611
DoS slowloris,0.03817071332961022,0.999535747446611
DoS slowloris,0.03847219119946393,0.999535747446611
DoS slowloris,0.03887579787474157,0.999535747446611
DoS slowloris,0.039306970460437435,0.999535747446611
DoS slowloris,0.03960013610822443,0.999535747446611
DoS slowloris,0.04011402593531078,0.999535747446611
DoS slowloris,0.04070943710174523,0.999535747446611
DoS slowloris,0.041423761423761425,0.999535747446611
DoS slowloris,0.04192467967441679,0.999535747446611
DoS slowloris,0.04269834501770008,0.999535747446611
DoS slowloris,0.04361389648536412,0.999535747446611
DoS slowloris,0.044205814717477004,0.999535747446611
DoS slowloris,0.044830817282665275,0.999535747446611
DoS slowloris,0.04558881136649974,0.999535747446611
DoS slowloris,0.04645743200233042,0.999535747446611
DoS slowloris,0.04710953568771607,0.999535747446611
DoS slowloris,0.047789751728577294,0.999535747446611
DoS slowloris,0.04858454907535908,0.999535747446611
DoS slowloris,0.04946298317155821,0.999535747446611
DoS slowloris,0.0500441634512575,0.999535747446611
DoS slowloris,0.05060940493400562,0.999535747446611
DoS slowloris,0.05119364656648279,0.999535747446611
DoS slowloris,0.05175480769230769,0.999535747446611
DoS slowloris,0.052833707561870405,0.999535747446611
DoS slowloris,0.05334093105071477,0.999535747446611
DoS slowloris,0.054144452268383464,0.999535747446611
DoS slowloris,0.05488146826408361,0.999535747446611
DoS slowloris,0.055588546642224575,0.999535747446611
DoS slowloris,0.056184759916492695,0.999535747446611
DoS slowloris,0.057025559528539264,0.999535747446611
DoS slowloris,0.05780176116838488,0.999535747446611
DoS slowloris,0.05866644867707567,0.999535747446611
DoS slowloris,0.059210164457400585,0.999535747446611
DoS slowloris,0.05986209197575488,0.999535747446611
DoS slowloris,0.060687205795304,0.999535747446611
DoS slowloris,0.06120128485744336,0.999535747446611
DoS slowloris,0.062047003559129094,0.999535747446611
DoS slowloris,0.06301678593903207,0.999535747446611
DoS slowloris,0.06392043345951162,0.999535747446611
DoS slowloris,0.0645451411269168,0.999535747446611
DoS slowloris,0.06521475737565881,0.999535747446611
DoS slowloris,0.06560624066794649,0.999535747446611
DoS slowloris,0.06610479129246688,0.999535747446611
DoS slowloris,0.06660891625158556,0.999535747446611
DoS slowloris,0.06709673398155074,0.999535747446611
DoS slowloris,0.06775020847428292,0.999535747446611
DoS slowloris,0.06829067148793098,0.999535747446611
DoS slowloris,0.06899977566259655,0.999535747446611
DoS slowloris,0.06972601852451583,0.999535747446611
DoS slowloris,0.07069446724675751,0.999535747446611
DoS slowloris,0.07141909374378026,0.999535747446611
DoS slowloris,0.07276106792835417,0.999535747446611
DoS slowloris,0.07447894145118049,0.999535747446611
DoS slowloris,0.07573252664532695,0.999535747446611
DoS slowloris,0.07666423344668577,0.999535747446611
DoS slowloris,0.07879664025472578,0.999535747446611
DoS slowloris,0.07976437462951985,0.999535747446611
DoS slowloris,0.08138809609314457,0.999535747446611
DoS slowloris,0.08282680618604293,0.999535747446611
DoS slowloris,0.08362626478413704,0.999535747446611
DoS slowloris,0.08493431693557932,0.999535747446611
DoS slowloris,0.08666425149941634,0.999535747446611
DoS slowloris,0.08783204798628963,0.9993036211699164
DoS slowloris,0.08874458874458875,0.9993036211699164
DoS slowloris,0.0912056947946018,0.9993036211699164
DoS slowloris,0.09315762139703973,0.9993036211699164
DoS slowloris,0.09441410619119679,0.9993036211699164
DoS slowloris,0.09602516059957174,0.9993036211699164
DoS slowloris,0.0969005334593828,0.9993036211699164
DoS slowloris,0.09795667607172112,0.9993036211699164
DoS slowloris,0.0992209827602102,0.9993036211699164
DoS slowloris,0.10085037599269098,0.9993036211699164
DoS slowloris,0.10249755958191471,0.9993036211699164
DoS slowloris,0.10384504052489386,0.9993036211699164
DoS slowloris,0.1051898548599912,0.9993036211699164
DoS slowloris,0.10618879652697269,0.9993036211699164
DoS slowloris,0.10722558469700366,0.9993036211699164
DoS slowloris,0.10847654084563826,0.9993036211699164
DoS slowloris,0.10967035206603148,0.9993036211699164
DoS slowloris,0.11082792709298733,0.9993036211699164
DoS slowloris,0.11177753544165758,0.9993036211699164
DoS slowloris,0.11276718357082983,0.9993036211699164
DoS slowloris,0.11423946502494427,0.9993036211699164
DoS slowloris,0.115713364154392,0.9993036211699164
DoS slowloris,0.11652456354039789,0.9993036211699164
DoS slowloris,0.11774197959686021,0.9993036211699164
DoS slowloris,0.11971635150166852,0.9993036211699164
DoS slowloris,0.1204431636963881,0.9993036211699164
DoS slowloris,0.12137017197631801,0.9993036211699164
DoS slowloris,0.12252042007001167,0.9993036211699164
DoS slowloris,0.12354713732242789,0.9993036211699164
DoS slowloris,0.12457678617935584,0.9993036211699164
DoS slowloris,0.12790041296532872,0.9993036211699164
DoS slowloris,0.13027295285359802,0.9993036211699164
DoS slowloris,0.1341664848692617,0.9993036211699164
DoS slowloris,0.13630750720324225,0.9993036211699164
DoS slowloris,0.1387859054128115,0.9993036211699164
DoS slowloris,0.14175172867961805,0.9993036211699164
DoS slowloris,0.14481297093649084,0.9993036211699164
DoS slowloris,0.1478517704433836,0.9993036211699164
DoS slowloris,0.15068253412670635,0.9993036211699164
DoS slowloris,0.15228695744455056,0.9993036211699164
DoS slowloris,0.15517987167471703,0.9993036211699164
DoS slowloris,0.15675065540343722,0.9993036211699164
DoS slowloris,0.1598292184889549,0.9993036211699164
DoS slowloris,0.16153846153846155,0.9993036211699164
DoS slowloris,0.16444478398716528,0.9993036211699164
DoS slowloris,0.1659279244555791,0.9993036211699164
DoS slowloris,0.16763365912542347,0.9993036211699164
DoS slowloris,0.17054232856633522,0.9993036211699164
DoS slowloris,0.17223444688937786,0.9993036211699164
DoS slowloris,0.17392533936651583,0.9993036211699164
DoS slowloris,0.175449321432938,0.9993036211699164
DoS slowloris,0.1780617942672788,0.9993036211699164
DoS slowloris,0.1810725552050473,0.9993036211699164
DoS slowloris,0.1834022067907809,0.9993036211699164
DoS slowloris,0.18548838812529622,0.9993036211699164
DoS slowloris,0.1879502292075966,0.9993036211699164
DoS slowloris,0.18966428760243192,0.9993036211699164
DoS slowloris,0.19236784485455113,0.9993036211699164
DoS slowloris,0.19484928034760568,0.9993036211699164
DoS slowloris,0.19664717705097753,0.9993036211699164
DoS slowloris,0.19964754440476742,0.9993036211699164
DoS slowloris,0.20093348891481913,0.9993036211699164
DoS slowloris,0.20425107937562273,0.9993036211699164
DoS slowloris,0.20604987316326043,0.9993036211699164
DoS slowloris,0.20823256263906356,0.9993036211699164
DoS slowloris,0.21094668757350057,0.9993036211699164
DoS slowloris,0.2137537239324727,0.9993036211699164
DoS slowloris,0.21521771734239864,0.9993036211699164
DoS slowloris,0.21808510638297873,0.9993036211699164
DoS slowloris,0.21987844118698605,0.9993036211699164
DoS slowloris,0.22493338209937824,0.9993036211699164
DoS slowloris,0.22894065092533503,0.9993036211699164
DoS slowloris,0.23387841582006846,0.9993036211699164
DoS slowloris,0.23888549703058223,0.9990714948932219
DoS slowloris,0.24557799840237363,0.9990714948932219
DoS slowloris,0.25024710738996453,0.9990714948932219
DoS slowloris,0.2574008731535195,0.9990714948932219
DoS slowloris,0.26247103305281133,0.9990714948932219
DoS slowloris,0.2659745396119145,0.9990714948932219
DoS slowloris,0.2704027140792863,0.9990714948932219
DoS slowloris,0.2772838551733024,0.9990714948932219
DoS slowloris,0.28202607954917763,0.9990714948932219
DoS slowloris,0.2867803837953092,0.9990714948932219
DoS slowloris,0.29075187462000945,0.9990714948932219
DoS slowloris,0.29525965562187007,0.9990714948932219
DoS slowloris,0.2985778702740201,0.9990714948932219
DoS slowloris,0.30148500980666854,0.9990714948932219
DoS slowloris,0.3057035300802614,0.9990714948932219
DoS slowloris,0.30879609700100447,0.9990714948932219
DoS slowloris,0.3122460824143935,0.9990714948932219
DoS slowloris,0.31432118600744907,0.9990714948932219
DoS slowloris,0.3169366715758468,0.9990714948932219
DoS slowloris,0.32217980387753575,0.9990714948932219
DoS slowloris,0.3251000830878465,0.9990714948932219
DoS slowloris,0.327848872638635,0.9990714948932219
DoS slowloris,0.33166371272250905,0.9990714948932219
DoS slowloris,0.33468118195956453,0.9990714948932219
DoS slowloris,0.33709273182957394,0.9990714948932219
DoS slowloris,0.3410459587955626,0.9990714948932219
DoS slowloris,0.3446784656042284,0.9990714948932219
DoS slowloris,0.3488692550863257,0.9990714948932219
DoS slowloris,0.35287365745675164,0.9990714948932219
DoS slowloris,0.35593781012239495,0.9990714948932219
DoS slowloris,0.3587264544090682,0.9990714948932219
DoS slowloris,0.36195441930872085,0.9990714948932219
DoS slowloris,0.3649393605292172,0.9988393686165274
DoS slowloris,0.36762067492524564,0.9988393686165274
DoS slowloris,0.3712683347713546,0.9988393686165274
DoS slowloris,0.37498910675381264,0.9988393686165274
DoS slowloris,0.37861856577210734,0.9988393686165274
DoS slowloris,0.38096502877379373,0.9988393686165274
DoS slowloris,0.38419642857142855,0.9988393686165274
DoS slowloris,0.3897291911964496,0.9988393686165274
DoS slowloris,0.39460649422124383,0.9986072423398329
DoS slowloris,0.40022327658386825,0.9986072423398329
DoS slowloris,0.40493222891566266,0.9986072423398329
DoS slowloris,0.4107313347336261,0.9986072423398329
DoS slowloris,0.41621517027863775,0.9986072423398329
DoS slowloris,0.4228841049837806,0.9986072423398329
DoS slowloris,0.4266164220547402,0.9986072423398329
DoS slowloris,0.4339755876122264,0.9986072423398329
DoS slowloris,0.4388452514536366,0.9986072423398329
DoS slowloris,0.44580310880829016,0.9986072423398329
DoS slowloris,0.44985883091080203,0.9986072423398329
DoS slowloris,0.4559135226791013,0.9986072423398329
DoS slowloris,0.4598610368786745,0.9986072423398329
DoS slowloris,0.4632281684074513,0.9986072423398329
DoS slowloris,0.4683723462166576,0.9986072423398329
DoS slowloris,0.47274725274725277,0.9986072423398329
DoS slowloris,0.4777876499333629,0.9986072423398329
DoS slowloris,0.48604677437577676,0.9986072423398329
DoS slowloris,0.49025641025641026,0.9986072423398329
DoS slowloris,0.4941419710544452,0.9986072423398329
DoS slowloris,0.49728355103456245,0.9986072423398329
DoS slowloris,0.5043977952386537,0.9983751160631383
DoS slowloris,0.5086930810171496,0.9983751160631383
DoS slowloris,0.5129397734048897,0.9983751160631383
DoS slowloris,0.518067935437244,0.9983751160631383
DoS slowloris,0.5231723634594332,0.9983751160631383
DoS slowloris,0.5267605633802817,0.9983751160631383
DoS slowloris,0.5301368174534697,0.9983751160631383
DoS slowloris,0.5342193516333374,0.9983751160631383
DoS slowloris,0.5386349405134627,0.9983751160631383
DoS slowloris,0.5428499305818503,0.9983751160631383
DoS slowloris,0.547688781357443,0.9983751160631383
DoS slowloris,0.5509864207020241,0.9983751160631383
DoS slowloris,0.5592250682616045,0.9983751160631383
DoS slowloris,0.5656233561283535,0.9983751160631383
DoS slowloris,0.570651452832692,0.9983751160631383
DoS slowloris,0.5780913978494624,0.9983751160631383
DoS slowloris,0.5827123695976155,0.9983751160631383
DoS slowloris,0.5878092114254476,0.9983751160631383
DoS slowloris,0.5928325292901447,0.9983751160631383
DoS slowloris,0.5994425087108014,0.9983751160631383
DoS slowloris,0.6058599802789125,0.9983751160631383
DoS slowloris,0.612590799031477,0.9983751160631383
DoS slowloris,0.6204558568955568,0.9983751160631383
DoS slowloris,0.6265112891478514,0.9983751160631383
DoS slowloris,0.6325,0.9983751160631383
DoS slowloris,0.6387939997029556,0.9983751160631383
DoS slowloris,0.6432844750224349,0.9983751160631383
DoS slowloris,0.6491095683670389,0.9983751160631383
DoS slowloris,0.6563406073554098,0.9983751160631383
DoS slowloris,0.6609804825572461,0.9983751160631383
DoS slowloris,0.6655834107087589,0.9983751160631383
DoS slowloris,0.6720337658277318,0.9979108635097493
DoS slowloris,0.6762623879188296,0.9979108635097493
DoS slowloris,0.6805445622922274,0.9979108635097493
DoS slowloris,0.6845541401273886,0.9979108635097493
DoS slowloris,0.6896053897978826,0.9979108635097493
DoS slowloris,0.6942829457364341,0.9979108635097493
DoS slowloris,0.6991380712310945,0.9979108635097493
DoS slowloris,0.702795487984306,0.9979108635097493
DoS slowloris,0.7094059405940594,0.9979108635097493
DoS slowloris,0.7157842157842158,0.9979108635097493
DoS slowloris,0.7210667561221067,0.9979108635097493
DoS slowloris,0.7271650879566982,0.9979108635097493
DoS slowloris,0.731699012597889,0.9976787372330548
DoS slowloris,0.7355810371384562,0.9976787372330548
DoS slowloris,0.7496510816468946,0.9974466109563602
DoS slowloris,0.7583833392163783,0.9974466109563602
DoS slowloris,0.7660902121590302,0.9974466109563602
DoS slowloris,0.7731198272759986,0.9974466109563602
DoS slowloris,0.777737556561086,0.9974466109563602
DoS slowloris,0.7825532689856128,0.9974466109563602
DoS slowloris,0.786996336996337,0.9974466109563602
DoS slowloris,0.7935364727608495,0.9974466109563602
DoS slowloris,0.7998883097542815,0.9974466109563602
DoS slowloris,0.8130558183538316,0.9974466109563602
DoS slowloris,0.8313019926484814,0.9974466109563602
DoS slowloris,0.8371322813169686,0.9974466109563602
DoS slowloris,0.844370210257418,0.9974466109563602
DoS slowloris,0.8522118627256496,0.9972144846796658
DoS slowloris,0.8692836908134358,0.9972144846796658
DoS slowloris,0.8792468276708965,0.9972144846796658
DoS slowloris,0.8837687718576425,0.9972144846796658
DoS slowloris,0.8898094449047225,0.9972144846796658
DoS slowloris,0.8961201501877347,0.9972144846796658
DoS slowloris,0.9023314429741651,0.9972144846796658
DoS slowloris,0.9093988145639289,0.9972144846796658
DoS slowloris,0.9179487179487179,0.9972144846796658
DoS slowloris,0.9244673983214977,0.9972144846796658
DoS slowloris,0.9304743339831059,0.9972144846796658
DoS slowloris,0.9363557105492589,0.9972144846796658
DoS slowloris,0.9416666666666667,0.9967502321262767
DoS slowloris,0.9472755349658063,0.9967502321262767
DoS slowloris,0.953142349544748,0.9962859795728877
DoS slowloris,0.9601789709172259,0.9962859795728877
DoS slowloris,0.9655715571557155,0.9960538532961931
DoS slowloris,0.9716874292185731,0.9958217270194986
DoS slowloris,0.9787816563997263,0.9958217270194986
DoS slowloris,0.9859673337934207,0.9948932219127206
DoS slowloris,0.9932652113330237,0.9928040854224698
DoS slowloris,0.9967220791383751,0.9881615598885793
DoS slowloris,0.9971611071682044,0.9784122562674095
DoS slowloris,1.0,0.0
